Player Last Name,Player Primary Position,Drill Title,Drill Start Time,Drill End Time,Session Start Time,Session End Time,Total Time,Total Distance,Distance Zone 4 (Absolute),Distance Zone 5 (Absolute),Distance Zone 6 (Absolute),HSR Per Minute (Absolute),Sprint Distance,Accelerations Per Min,Decelerations Per Min,Max Speed,Distance Per Min,Accelerations,Decelerations,HMLD Per Minute,HML Distance,
"Baco",,"Entire Session",11:03:14,12:30:46,10:50:14,12:46:09,01:27:30,3812,202,54,1,0.63,93,0.21,0.14,25.22,43.56,18,12,2.96,259,
"Baco",,"Entire Session - Live",11:09:51,12:24:09,10:50:14,12:46:09,01:14:17,3100,104,35,1,0.48,38,0.23,0.15,25.22,41.73,17,11,3.05,227,
"Baco",,"Warm-up, Mobility",11:12:19,11:31:25,10:50:14,12:46:09,00:19:06,913,9,0,0,0,0,0.16,0.1,16.36,47.82,3,2,1.81,35,
"Baco",,"Rondo 6vs2 (6*6m)",11:31:57,11:40:00,10:50:14,12:46:09,00:08:03,223,0,0,0,0,0,0.12,0.12,11.38,27.75,1,1,0.23,2,
"Baco",,"Possession Game 6vs3+3, 6 Mini Goas (2 Squares, 8*12m, 7m), Set 1",11:45:01,11:46:03,10:50:14,12:46:09,00:01:02,45,6,0,0,0,0,0,0,16.77,43.7,0,0,7.66,8,
"Baco",,"Possession Game 6vs3+3, 6 Mini Goas (2 Squares, 8*12m, 7m), Set 2",11:46:33,11:47:33,10:50:14,12:46:09,00:00:59,115,10,0,0,0,0,3.01,2.01,16.02,115.69,3,2,27.82,28,
"Baco",,"Possession Game 6vs3+3, 6 Mini Goas (2 Squares, 8*12m, 7m), Set 3",11:48:05,11:49:09,10:50:14,12:46:09,00:01:04,39,0,0,0,0,0,0,0,12.64,36.12,0,0,1.59,2,
"Baco",,"Possession Game 6vs3+3, 6 Mini Goas (2 Squares, 8*12m, 7m), Set 4",11:50:08,11:51:08,10:50:14,12:46:09,00:01:00,63,0,0,0,0,0,1,0,14.47,62.71,1,0,7.07,7,
"Baco",,"Possession Game 6vs3+3, 6 Mini Goas (2 Squares, 8*12m, 7m), Set 5",11:51:39,11:52:41,10:50:14,12:46:09,00:01:01,34,0,0,0,0,0,0.97,0.97,9.19,32.96,1,1,1.63,2,
"Baco",,"Possession Game 6vs3+3, 6 Mini Goas (2 Squares, 8*12m, 7m), Set 6",11:53:11,11:54:14,10:50:14,12:46:09,00:01:02,65,16,2,0,1.6,0,3.85,0.96,20.27,62.07,4,1,20.72,22,
"Baco",,"Possession Game 6vs3+3, 6 Mini Goas (2 Squares, 8*12m, 7m), Set 7",11:55:42,11:56:45,10:50:14,12:46:09,00:01:02,22,0,0,0,0,0,0,0,10.78,21.55,0,0,0,0,
"Baco",,"Possession Game 6vs3+3, 6 Mini Goas (2 Squares, 8*12m, 7m), Set 8",11:57:16,11:58:15,10:50:14,12:46:09,00:00:59,87,5,0,0,0,0,1,1,15.75,87.05,1,1,13.33,13,
"Baco",,"Possession Game 6vs3+3, 6 Mini Goas (2 Squares, 8*12m, 7m), Set 9",11:58:46,11:59:46,10:50:14,12:46:09,00:01:00,34,0,0,0,0,0,0,0,8.53,33.07,0,0,0,0,
"Baco",,"LSG 11vs11 (68*65m) Set 1",12:04:25,12:07:39,10:50:14,12:46:09,00:03:14,351,16,0,0,0,0,0.62,0.62,17.03,108.29,2,2,10.13,33,
"Baco",,"LSG 11vs11 (68*65m) Set 2",12:08:32,12:11:41,10:50:14,12:46:09,00:03:08,392,42,33,1,10.73,38,0.32,0.32,25.22,124.45,1,1,22.88,72,
"Glazer",,"Entire Session",11:00:53,12:40:22,10:50:14,12:46:09,01:39:28,5780,379,88,0,0.88,86,0.43,0.47,24.53,58.11,43,47,6.31,628,
"Glazer",,"Entire Session - Live",11:09:51,12:24:09,10:50:14,12:46:09,01:14:17,4420,350,70,0,0.94,66,0.54,0.44,24.53,59.49,40,33,7.47,555,
"Glazer",,"Warm-up, Mobility",11:12:19,11:31:25,10:50:14,12:46:09,00:19:06,790,22,0,0,0,0,0.1,0,16.91,41.37,2,0,1.36,26,
"Glazer",,"Rondo 6vs2 (6*6m)",11:31:57,11:40:00,10:50:14,12:46:09,00:08:03,301,0,0,0,0,0,0.62,0.12,14.29,37.39,5,1,2.3,19,
"Glazer",,"Possession Game 6vs3+3, 6 Mini Goas (2 Squares, 8*12m, 7m), Set 1",11:45:01,11:46:03,10:50:14,12:46:09,00:01:02,85,7,7,0,6.37,8,1.93,1.93,23.05,81.73,2,2,17.82,18,
"Glazer",,"Possession Game 6vs3+3, 6 Mini Goas (2 Squares, 8*12m, 7m), Set 2",11:46:33,11:47:33,10:50:14,12:46:09,00:00:59,94,19,3,0,3.36,0,1,2.01,20.3,94.63,1,2,23.99,24,
"Glazer",,"Possession Game 6vs3+3, 6 Mini Goas (2 Squares, 8*12m, 7m), Set 3",11:48:05,11:49:09,10:50:14,12:46:09,00:01:04,44,0,0,0,0,0,1.87,0.93,12.9,40.82,2,1,5.55,6,
"Glazer",,"Possession Game 6vs3+3, 6 Mini Goas (2 Squares, 8*12m, 7m), Set 4",11:50:08,11:51:08,10:50:14,12:46:09,00:01:00,110,19,4,0,3.97,0,1,3,21.8,109.85,1,3,31.81,32,
"Glazer",,"Possession Game 6vs3+3, 6 Mini Goas (2 Squares, 8*12m, 7m), Set 5",11:51:39,11:52:41,10:50:14,12:46:09,00:01:01,104,15,10,0,9.49,8,3.89,3.89,24.53,101.27,4,4,31.88,33,
"Glazer",,"Possession Game 6vs3+3, 6 Mini Goas (2 Squares, 8*12m, 7m), Set 6",11:53:11,11:54:14,10:50:14,12:46:09,00:01:02,30,0,0,0,0,0,0,0,7.64,29.05,0,0,0,0,
"Glazer",,"Possession Game 6vs3+3, 6 Mini Goas (2 Squares, 8*12m, 7m), Set 7",11:55:42,11:56:45,10:50:14,12:46:09,00:01:02,56,0,0,0,0,0,0.96,0,14.68,53.34,1,0,5.24,5,
"Glazer",,"Possession Game 6vs3+3, 6 Mini Goas (2 Squares, 8*12m, 7m), Set 8",11:57:16,11:58:15,10:50:14,12:46:09,00:00:59,95,9,10,0,10.13,11,5.02,3.01,22.64,95.38,5,3,33.73,34,
"Glazer",,"Possession Game 6vs3+3, 6 Mini Goas (2 Squares, 8*12m, 7m), Set 9",11:58:46,11:59:46,10:50:14,12:46:09,00:01:00,45,0,0,0,0,0,1.97,1.97,13.4,44.86,2,2,8.41,9,
"Glazer",,"LSG 11vs11 (68*65m) Set 1",12:04:25,12:07:39,10:50:14,12:46:09,00:03:14,391,56,8,0,2.4,10,0.62,0.62,23.34,120.48,2,2,21.03,68,
"Glazer",,"LSG 11vs11 (68*65m) Set 2",12:08:32,12:11:41,10:50:14,12:46:09,00:03:08,365,54,0,0,0,0,0.32,0,19.78,115.99,1,0,19.11,60,
"Glazer",,"LSG 11vs11 (68*65m) Set 3",12:12:43,12:15:58,10:50:14,12:46:09,00:03:14,328,66,8,0,2.46,6,1.54,1.85,21.18,101.3,5,6,24.52,79,
"Glazer",,"LSG 11vs11 (68*65m) Set 4",12:16:52,12:19:58,10:50:14,12:46:09,00:03:06,312,19,16,0,5.27,19,0.97,0.32,24,100.34,3,1,17.36,54,
"Glazer",,"LSG 11vs11 (68*65m) Set 5",12:20:53,12:24:05,10:50:14,12:46:09,00:03:12,354,58,4,0,1.27,5,0.94,1.56,22.02,110.58,3,5,25.19,81,
"Shalom",,"Entire Session",10:57:18,12:34:54,10:50:14,12:46:09,01:37:34,5133,313,73,13,0.88,92,0.33,0.45,27.17,52.61,32,44,4.86,474,
"Shalom",,"Entire Session - Live",11:09:51,12:24:09,10:50:14,12:46:09,01:14:17,4385,313,73,13,1.15,92,0.43,0.59,27.17,59.02,32,44,6.38,474,
"Shalom",,"Warm-up, Mobility",11:12:19,11:31:25,10:50:14,12:46:09,00:19:06,883,7,0,0,0,0,0.31,0.31,16.19,46.22,6,6,1.73,33,
"Shalom",,"Rondo 6vs2 (6*6m)",11:31:57,11:40:00,10:50:14,12:46:09,00:08:03,319,0,0,0,0,0,0.37,0.37,12.52,39.67,3,3,0.75,6,
"Shalom",,"Possession Game 6vs3+3, 6 Mini Goas (2 Squares, 8*12m, 7m), Set 1",11:45:01,11:46:03,10:50:14,12:46:09,00:01:02,44,0,0,0,0,0,0,0,8.58,42.76,0,0,0,0,
"Shalom",,"Possession Game 6vs3+3, 6 Mini Goas (2 Squares, 8*12m, 7m), Set 2",11:46:33,11:47:33,10:50:14,12:46:09,00:00:59,54,6,0,0,0,0,0,1,17.58,53.76,0,1,7.93,8,
"Shalom",,"Possession Game 6vs3+3, 6 Mini Goas (2 Squares, 8*12m, 7m), Set 3",11:48:05,11:49:09,10:50:14,12:46:09,00:01:04,99,31,1,0,1.04,0,0.93,2.8,20.18,92.37,1,3,33.89,36,
"Shalom",,"Possession Game 6vs3+3, 6 Mini Goas (2 Squares, 8*12m, 7m), Set 4",11:50:08,11:51:08,10:50:14,12:46:09,00:01:00,58,9,0,0,0,0,1,0,19.44,58.03,1,0,8.98,9,
"Shalom",,"Possession Game 6vs3+3, 6 Mini Goas (2 Squares, 8*12m, 7m), Set 5",11:51:39,11:52:41,10:50:14,12:46:09,00:01:01,45,0,0,0,0,0,0,0,9.66,43.99,0,0,1.48,2,
"Shalom",,"Possession Game 6vs3+3, 6 Mini Goas (2 Squares, 8*12m, 7m), Set 6",11:53:11,11:54:14,10:50:14,12:46:09,00:01:02,86,6,0,0,0,0,0.96,2.88,17.68,82.62,1,3,10.15,11,
"Shalom",,"Possession Game 6vs3+3, 6 Mini Goas (2 Squares, 8*12m, 7m), Set 7",11:55:42,11:56:45,10:50:14,12:46:09,00:01:02,24,0,0,0,0,0,0,0,8.13,22.56,0,0,0.63,1,
"Shalom",,"Possession Game 6vs3+3, 6 Mini Goas (2 Squares, 8*12m, 7m), Set 8",11:57:16,11:58:15,10:50:14,12:46:09,00:00:59,78,0,0,0,0,0,2.01,3.01,14.9,78.43,2,3,6.12,6,
"Shalom",,"Possession Game 6vs3+3, 6 Mini Goas (2 Squares, 8*12m, 7m), Set 9",11:58:46,11:59:46,10:50:14,12:46:09,00:01:00,79,12,0,0,0,0,0,1.97,17.78,77.81,0,2,15.61,16,
"Shalom",,"LSG 11vs11 (68*65m) Set 1",12:04:25,12:07:39,10:50:14,12:46:09,00:03:14,415,73,1,0,0.34,0,0.62,0.31,20.18,127.94,2,1,22.98,74,
"Shalom",,"LSG 11vs11 (68*65m) Set 2",12:08:32,12:11:41,10:50:14,12:46:09,00:03:08,350,23,1,0,0.18,0,1.59,1.91,19.92,111.29,5,6,17.33,55,
"Shalom",,"LSG 11vs11 (68*65m) Set 3",12:12:43,12:15:58,10:50:14,12:46:09,00:03:14,360,52,23,4,8.3,32,1.24,2.16,26.52,111.14,4,7,24.46,79,
"Shalom",,"LSG 11vs11 (68*65m) Set 4",12:16:52,12:19:58,10:50:14,12:46:09,00:03:06,317,31,18,0,5.95,18,0.97,0.64,24.26,101.92,3,2,17.68,55,
"Shalom",,"LSG 11vs11 (68*65m) Set 5",12:20:53,12:24:05,10:50:14,12:46:09,00:03:12,401,61,28,9,11.73,42,1.25,1.56,27.17,125.38,4,5,25.62,82,
"Revivo",,"Entire Session",10:58:02,12:35:32,10:50:14,12:46:09,01:37:28,5241,371,104,64,1.72,175,0.59,0.46,29.32,53.76,58,45,6.37,621,
"Revivo",,"Entire Session - Live",11:09:51,12:24:09,10:50:14,12:46:09,01:14:17,4307,349,104,64,2.26,175,0.73,0.57,29.32,57.97,54,42,8.26,614,
"Revivo",,"Warm-up, Mobility",11:12:19,11:31:25,10:50:14,12:46:09,00:19:06,931,18,1,0,0.03,0,0.42,0.31,20.42,48.72,8,6,2.31,44,
"Revivo",,"Rondo 6vs2 (6*6m)",11:31:57,11:40:00,10:50:14,12:46:09,00:08:03,228,0,0,0,0,0,0.37,0.25,12.08,28.28,3,2,0.64,5,
"Revivo",,"Possession Game 6vs3+3, 6 Mini Goas (2 Squares, 8*12m, 7m), Set 1",11:45:01,11:46:03,10:50:14,12:46:09,00:01:02,34,0,0,0,0,0,0.97,0,11.97,32.57,1,0,1.88,2,
"Revivo",,"Possession Game 6vs3+3, 6 Mini Goas (2 Squares, 8*12m, 7m), Set 2",11:46:33,11:47:33,10:50:14,12:46:09,00:00:59,89,10,7,0,7.18,9,3.01,3.01,22.68,89.29,3,3,24.74,25,
"Revivo",,"Possession Game 6vs3+3, 6 Mini Goas (2 Squares, 8*12m, 7m), Set 3",11:48:05,11:49:09,10:50:14,12:46:09,00:01:04,94,10,0,0,0,0,3.74,0.93,17.73,88.04,4,1,18.85,20,
"Revivo",,"Possession Game 6vs3+3, 6 Mini Goas (2 Squares, 8*12m, 7m), Set 4",11:50:08,11:51:08,10:50:14,12:46:09,00:01:00,77,12,0,0,0,0,3,2,19.51,77.35,3,2,18.96,19,
"Revivo",,"Possession Game 6vs3+3, 6 Mini Goas (2 Squares, 8*12m, 7m), Set 5",11:51:39,11:52:41,10:50:14,12:46:09,00:01:01,81,10,0,0,0,0,1.94,2.92,18.99,79.22,2,3,18.66,19,
"Revivo",,"Possession Game 6vs3+3, 6 Mini Goas (2 Squares, 8*12m, 7m), Set 6",11:53:11,11:54:14,10:50:14,12:46:09,00:01:02,64,0,0,0,0,0,2.88,3.85,14,61.42,3,4,7.65,8,
"Revivo",,"Possession Game 6vs3+3, 6 Mini Goas (2 Squares, 8*12m, 7m), Set 7",11:55:42,11:56:45,10:50:14,12:46:09,00:01:02,116,30,3,0,2.71,0,2.88,3.83,20.73,111.15,3,4,35.22,37,
"Revivo",,"Possession Game 6vs3+3, 6 Mini Goas (2 Squares, 8*12m, 7m), Set 8",11:57:16,11:58:15,10:50:14,12:46:09,00:00:59,90,20,2,0,2.24,0,3.01,2.01,20.22,90,3,2,23.58,24,
"Revivo",,"Possession Game 6vs3+3, 6 Mini Goas (2 Squares, 8*12m, 7m), Set 9",11:58:46,11:59:46,10:50:14,12:46:09,00:01:00,99,26,11,0,10.97,12,1.97,1.97,22.91,97.27,2,2,35.4,36,
"Revivo",,"LSG 11vs11 (68*65m) Set 1",12:04:25,12:07:39,10:50:14,12:46:09,00:03:14,365,35,21,21,13.18,47,1.23,0.62,29.32,112.7,4,2,26.12,85,
"Revivo",,"LSG 11vs11 (68*65m) Set 2",12:08:32,12:11:41,10:50:14,12:46:09,00:03:08,359,55,22,4,8.43,33,1.59,1.59,26.81,113.88,5,5,27.43,86,
"Revivo",,"LSG 11vs11 (68*65m) Set 3",12:12:43,12:15:58,10:50:14,12:46:09,00:03:14,371,45,31,38,21.35,69,0.31,0.31,28.5,114.65,1,1,31.03,100,
"Revivo",,"LSG 11vs11 (68*65m) Set 4",12:16:52,12:19:58,10:50:14,12:46:09,00:03:06,256,10,0,0,0,0,1.61,0.64,18.58,82.22,5,2,9.58,30,
"Revivo",,"LSG 11vs11 (68*65m) Set 5",12:20:53,12:24:05,10:50:14,12:46:09,00:03:12,319,68,6,0,1.79,5,0.62,0.62,21.17,99.68,2,2,21.36,68,
"Yao",,"Entire Session",11:04:10,12:35:29,10:50:14,12:46:09,01:31:17,3149,246,52,17,0.76,81,0.42,0.31,30.83,34.5,38,28,4.16,380,
"Yao",,"Entire Session - Live",11:09:51,12:24:09,10:50:14,12:46:09,01:14:17,2710,246,52,17,0.93,81,0.51,0.38,30.83,36.47,38,28,5.11,380,
"Yao",,"Warm-up, Mobility",11:12:19,11:31:25,10:50:14,12:46:09,00:19:06,788,6,0,0,0,0,0.26,0.21,16.72,41.25,5,4,1.62,31,
"Yao",,"Rondo 6vs2 (6*6m)",11:31:57,11:40:00,10:50:14,12:46:09,00:08:03,180,0,0,0,0,0,0,0.12,10.75,22.3,0,1,0.17,1,
"Yao",,"Possession Game 6vs3+3, 6 Mini Goas (2 Squares, 8*12m, 7m), Set 1",11:45:01,11:46:03,10:50:14,12:46:09,00:01:02,53,7,0,0,0,0,0.97,0.97,16.66,51.25,1,1,13.74,14,
"Yao",,"Possession Game 6vs3+3, 6 Mini Goas (2 Squares, 8*12m, 7m), Set 2",11:46:33,11:47:33,10:50:14,12:46:09,00:00:59,68,5,0,0,0,0,2.01,3.01,16.27,68.14,2,3,17.2,17,
"Yao",,"Possession Game 6vs3+3, 6 Mini Goas (2 Squares, 8*12m, 7m), Set 3",11:48:05,11:49:09,10:50:14,12:46:09,00:01:04,73,6,0,0,0,0,3.74,1.87,15.52,68.44,4,2,12.02,13,
"Yao",,"Possession Game 6vs3+3, 6 Mini Goas (2 Squares, 8*12m, 7m), Set 4",11:50:08,11:51:08,10:50:14,12:46:09,00:01:00,41,1,0,0,0,0,1,1,14.91,40.87,1,1,8.16,8,
"Yao",,"Possession Game 6vs3+3, 6 Mini Goas (2 Squares, 8*12m, 7m), Set 5",11:51:39,11:52:41,10:50:14,12:46:09,00:01:01,34,0,0,0,0,0,0.97,0,10.72,32.63,1,0,0.65,1,
"Yao",,"Possession Game 6vs3+3, 6 Mini Goas (2 Squares, 8*12m, 7m), Set 6",11:53:11,11:54:14,10:50:14,12:46:09,00:01:02,120,23,5,0,4.91,8,4.81,4.81,21.34,115.61,5,5,42.74,44,
"Yao",,"Possession Game 6vs3+3, 6 Mini Goas (2 Squares, 8*12m, 7m), Set 7",11:55:42,11:56:45,10:50:14,12:46:09,00:01:02,73,18,0,0,0,0,1.92,2.88,18.54,69.88,2,3,22.94,24,
"Yao",,"Possession Game 6vs3+3, 6 Mini Goas (2 Squares, 8*12m, 7m), Set 8",11:57:16,11:58:15,10:50:14,12:46:09,00:00:59,71,5,0,0,0,0,2.01,1,15.72,71.53,2,1,13.88,14,
"Yao",,"Possession Game 6vs3+3, 6 Mini Goas (2 Squares, 8*12m, 7m), Set 9",11:58:46,11:59:46,10:50:14,12:46:09,00:01:00,74,20,9,0,9.16,10,1.97,1.97,22.18,73.12,2,2,29.95,30,
"Yao",,"LSG 11vs11 (68*65m) Set 1",12:04:25,12:07:39,10:50:14,12:46:09,00:03:14,353,87,6,0,2,7,1.85,0.93,22.7,109.04,6,3,21.83,71,
"Yao",,"LSG 11vs11 (68*65m) Set 2",12:08:32,12:11:41,10:50:14,12:46:09,00:03:08,366,68,31,17,15.36,56,1.27,0.64,30.83,116.28,4,2,34.05,107,
"Agvadish",,"Entire Session",11:03:20,12:35:14,10:50:14,12:46:09,01:31:52,5024,371,107,42,1.62,177,0.62,0.47,32.67,54.68,57,43,6.26,575,
"Agvadish",,"Entire Session - Live",11:09:51,12:24:09,10:50:14,12:46:09,01:14:17,4377,371,107,42,2,177,0.77,0.58,32.67,58.91,57,43,7.73,574,
"Agvadish",,"Warm-up, Mobility",11:12:19,11:31:25,10:50:14,12:46:09,00:19:06,916,5,0,0,0,0,0.42,0.42,16.33,47.94,8,8,1.76,34,
"Agvadish",,"Rondo 6vs2 (6*6m)",11:31:57,11:40:00,10:50:14,12:46:09,00:08:03,300,1,0,0,0,0,0.99,0.62,15.29,37.23,8,5,2.25,18,
"Agvadish",,"Possession Game 6vs3+3, 6 Mini Goas (2 Squares, 8*12m, 7m), Set 1",11:45:01,11:46:03,10:50:14,12:46:09,00:01:02,103,29,1,0,0.55,0,5.8,3.86,20.5,99.22,6,4,32.94,34,
"Agvadish",,"Possession Game 6vs3+3, 6 Mini Goas (2 Squares, 8*12m, 7m), Set 2",11:46:33,11:47:33,10:50:14,12:46:09,00:00:59,41,0,0,0,0,0,0,0,10.21,40.7,0,0,0.51,1,
"Agvadish",,"Possession Game 6vs3+3, 6 Mini Goas (2 Squares, 8*12m, 7m), Set 3",11:48:05,11:49:09,10:50:14,12:46:09,00:01:04,94,9,11,0,9.97,12,1.87,0.93,22.88,87.43,2,1,17.93,19,
"Agvadish",,"Possession Game 6vs3+3, 6 Mini Goas (2 Squares, 8*12m, 7m), Set 4",11:50:08,11:51:08,10:50:14,12:46:09,00:01:00,66,0,0,0,0,0,1,2,10.88,66.06,1,2,5.55,6,
"Agvadish",,"Possession Game 6vs3+3, 6 Mini Goas (2 Squares, 8*12m, 7m), Set 5",11:51:39,11:52:41,10:50:14,12:46:09,00:01:01,37,0,0,0,0,0,0,0,8.86,35.6,0,0,0,0,
"Agvadish",,"Possession Game 6vs3+3, 6 Mini Goas (2 Squares, 8*12m, 7m), Set 6",11:53:11,11:54:14,10:50:14,12:46:09,00:01:02,82,4,0,0,0,0,2.88,0.96,16.59,78.77,3,1,14.67,15,
"Agvadish",,"Possession Game 6vs3+3, 6 Mini Goas (2 Squares, 8*12m, 7m), Set 7",11:55:42,11:56:45,10:50:14,12:46:09,00:01:02,79,13,11,2,12.76,13,0.96,0.96,25.57,75.98,1,1,23.71,25,
"Agvadish",,"Possession Game 6vs3+3, 6 Mini Goas (2 Squares, 8*12m, 7m), Set 8",11:57:16,11:58:15,10:50:14,12:46:09,00:00:59,37,0,0,0,0,0,0,0,7.71,37.09,0,0,0,0,
"Agvadish",,"Possession Game 6vs3+3, 6 Mini Goas (2 Squares, 8*12m, 7m), Set 9",11:58:46,11:59:46,10:50:14,12:46:09,00:01:00,1,0,0,0,0,0,0,0,2.37,0.72,0,0,0,0,
"Agvadish",,"LSG 11vs11 (68*65m) Set 1",12:04:25,12:07:39,10:50:14,12:46:09,00:03:14,385,73,2,0,0.71,0,1.54,1.54,21.97,118.71,5,5,23.8,77,
"Agvadish",,"LSG 11vs11 (68*65m) Set 2",12:08:32,12:11:41,10:50:14,12:46:09,00:03:08,337,42,21,0,6.72,23,1.27,0.64,24.51,107.15,4,2,24.11,76,
"Agvadish",,"LSG 11vs11 (68*65m) Set 3",12:12:43,12:15:58,10:50:14,12:46:09,00:03:14,388,73,27,22,14.97,52,1.85,0.31,32.67,119.79,6,1,29.99,97,
"Agvadish",,"LSG 11vs11 (68*65m) Set 4",12:16:52,12:19:58,10:50:14,12:46:09,00:03:06,308,34,1,0,0.36,0,2.25,2.57,20,99.21,7,8,19.48,61,
"Agvadish",,"LSG 11vs11 (68*65m) Set 5",12:20:53,12:24:05,10:50:14,12:46:09,00:03:12,416,87,34,18,16.05,77,1.56,1.25,28.18,129.91,5,4,34.21,109,
"Maliach",,"Entire Session",11:03:11,12:35:07,10:50:14,12:46:09,01:31:54,4594,207,28,11,0.42,44,0.37,0.36,31.01,49.98,34,33,4.49,412,
"Maliach",,"Entire Session - Live",11:09:51,12:24:09,10:50:14,12:46:09,01:14:17,3991,207,28,11,0.53,44,0.46,0.44,31.01,53.72,34,33,5.55,412,
"Maliach",,"Warm-up, Mobility",11:12:19,11:31:25,10:50:14,12:46:09,00:19:06,857,1,0,0,0,0,0.16,0.37,14.78,44.88,3,7,1.93,37,
"Maliach",,"Rondo 6vs2 (6*6m)",11:31:57,11:40:00,10:50:14,12:46:09,00:08:03,236,0,0,0,0,0,0.12,0.5,13.79,29.32,1,4,0.95,8,
"Maliach",,"Possession Game 6vs3+3, 6 Mini Goas (2 Squares, 8*12m, 7m), Set 1",11:45:01,11:46:03,10:50:14,12:46:09,00:01:02,127,29,0,0,0,0,1.93,1.93,19.19,122.76,2,2,32.73,34,
"Maliach",,"Possession Game 6vs3+3, 6 Mini Goas (2 Squares, 8*12m, 7m), Set 2",11:46:33,11:47:33,10:50:14,12:46:09,00:00:59,29,0,0,0,0,0,1,0,10.79,29.26,1,0,2.23,2,
"Maliach",,"Possession Game 6vs3+3, 6 Mini Goas (2 Squares, 8*12m, 7m), Set 3",11:48:05,11:49:09,10:50:14,12:46:09,00:01:04,120,25,5,0,4.78,7,0.93,1.87,20.94,112.34,1,2,29.49,32,
"Maliach",,"Possession Game 6vs3+3, 6 Mini Goas (2 Squares, 8*12m, 7m), Set 4",11:50:08,11:51:08,10:50:14,12:46:09,00:01:00,122,33,0,0,0,0,3,1,19.06,122.17,3,1,30.53,31,
"Maliach",,"Possession Game 6vs3+3, 6 Mini Goas (2 Squares, 8*12m, 7m), Set 5",11:51:39,11:52:41,10:50:14,12:46:09,00:01:01,48,0,0,0,0,0,0.97,0.97,13.57,46.29,1,1,11.35,12,
"Maliach",,"Possession Game 6vs3+3, 6 Mini Goas (2 Squares, 8*12m, 7m), Set 6",11:53:11,11:54:14,10:50:14,12:46:09,00:01:02,45,0,0,0,0,0,1.92,0,11.65,43.53,2,0,2.18,2,
"Maliach",,"Possession Game 6vs3+3, 6 Mini Goas (2 Squares, 8*12m, 7m), Set 7",11:55:42,11:56:45,10:50:14,12:46:09,00:01:02,71,15,0,0,0,0,1.92,0.96,18.79,67.81,2,1,16.34,17,
"Maliach",,"Possession Game 6vs3+3, 6 Mini Goas (2 Squares, 8*12m, 7m), Set 8",11:57:16,11:58:15,10:50:14,12:46:09,00:00:59,61,0,0,0,0,0,1,0,14.05,61.13,1,0,9.39,9,
"Maliach",,"Possession Game 6vs3+3, 6 Mini Goas (2 Squares, 8*12m, 7m), Set 9",11:58:46,11:59:46,10:50:14,12:46:09,00:01:00,96,16,6,0,6.22,10,0.99,1.97,21.44,94.82,1,2,29.48,30,
"Maliach",,"LSG 11vs11 (68*65m) Set 1",12:04:25,12:07:39,10:50:14,12:46:09,00:03:14,344,44,9,0,2.75,11,1.23,1.23,23.67,106.13,4,4,20.61,67,
"Maliach",,"LSG 11vs11 (68*65m) Set 2",12:08:32,12:11:41,10:50:14,12:46:09,00:03:08,298,12,0,0,0,0,0.95,0.32,16.88,94.68,3,1,10.22,32,
"Maliach",,"LSG 11vs11 (68*65m) Set 3",12:12:43,12:15:58,10:50:14,12:46:09,00:03:14,305,12,1,0,0.17,0,0.62,0.62,20.16,94.34,2,2,8.3,27,
"Maliach",,"LSG 11vs11 (68*65m) Set 4",12:16:52,12:19:58,10:50:14,12:46:09,00:03:06,226,0,0,0,0,0,0,0.97,14.3,72.84,0,3,4.01,12,
"Maliach",,"LSG 11vs11 (68*65m) Set 5",12:20:53,12:24:05,10:50:14,12:46:09,00:03:12,307,19,7,11,5.68,16,1.25,0.62,31.01,95.81,4,2,17.68,57,
"Prada",,"Entire Session",11:04:25,12:34:52,10:50:14,12:46:09,01:30:25,5475,345,85,2,0.97,86,0.69,0.83,25.77,60.55,62,75,7.24,654,
"Prada",,"Entire Session - Live",11:09:51,12:24:09,10:50:14,12:46:09,01:14:17,4739,327,85,2,1.18,86,0.81,1,25.77,63.79,60,74,8.63,642,
"Prada",,"Warm-up, Mobility",11:12:19,11:31:25,10:50:14,12:46:09,00:19:06,938,18,0,0,0,0,0.58,0.31,18.55,49.13,11,6,2.33,45,
"Prada",,"Rondo 6vs2 (6*6m)",11:31:57,11:40:00,10:50:14,12:46:09,00:08:03,347,2,0,0,0,0,1.24,1.86,15.99,43.09,10,15,5.29,43,
"Prada",,"Possession Game 6vs3+3, 6 Mini Goas (2 Squares, 8*12m, 7m), Set 1",11:45:01,11:46:03,10:50:14,12:46:09,00:01:02,81,10,13,0,13.03,13,1.93,1.93,22.76,78.55,2,2,22.99,24,
"Prada",,"Possession Game 6vs3+3, 6 Mini Goas (2 Squares, 8*12m, 7m), Set 2",11:46:33,11:47:33,10:50:14,12:46:09,00:00:59,84,15,2,0,1.69,0,2.01,3.01,20.4,84.48,2,3,29.17,29,
"Prada",,"Possession Game 6vs3+3, 6 Mini Goas (2 Squares, 8*12m, 7m), Set 3",11:48:05,11:49:09,10:50:14,12:46:09,00:01:04,143,40,14,0,13.54,15,3.74,5.61,22.17,133.64,4,6,53.05,57,
"Prada",,"Possession Game 6vs3+3, 6 Mini Goas (2 Squares, 8*12m, 7m), Set 4",11:50:08,11:51:08,10:50:14,12:46:09,00:01:00,46,0,0,0,0,0,2,1,13.89,45.79,2,1,7.59,8,
"Prada",,"Possession Game 6vs3+3, 6 Mini Goas (2 Squares, 8*12m, 7m), Set 5",11:51:39,11:52:41,10:50:14,12:46:09,00:01:01,134,22,13,0,13.01,13,3.89,4.86,23.53,130.07,4,5,44.28,46,
"Prada",,"Possession Game 6vs3+3, 6 Mini Goas (2 Squares, 8*12m, 7m), Set 6",11:53:11,11:54:14,10:50:14,12:46:09,00:01:02,139,16,0,0,0,0,1.92,6.73,17.07,133.91,2,7,45.37,47,
"Prada",,"Possession Game 6vs3+3, 6 Mini Goas (2 Squares, 8*12m, 7m), Set 7",11:55:42,11:56:45,10:50:14,12:46:09,00:01:02,120,32,0,0,0,0,2.88,5.75,19.1,115.25,3,6,36.24,38,
"Prada",,"Possession Game 6vs3+3, 6 Mini Goas (2 Squares, 8*12m, 7m), Set 8",11:57:16,11:58:15,10:50:14,12:46:09,00:00:59,43,0,0,0,0,0,3.01,2.01,13.17,43.21,3,2,4.4,4,
"Prada",,"Possession Game 6vs3+3, 6 Mini Goas (2 Squares, 8*12m, 7m), Set 9",11:58:46,11:59:46,10:50:14,12:46:09,00:01:00,144,17,11,0,10.77,11,1.97,4.93,23.05,142.19,2,5,47.42,48,
"Prada",,"LSG 11vs11 (68*65m) Set 1",12:04:25,12:07:39,10:50:14,12:46:09,00:03:14,424,57,23,2,7.73,26,1.23,1.54,25.77,130.86,4,5,27.57,89,
"Prada",,"LSG 11vs11 (68*65m) Set 2",12:08:32,12:11:41,10:50:14,12:46:09,00:03:08,390,64,3,0,0.97,0,2.22,1.27,23.13,123.82,7,4,24.79,78,
"Prada",,"LSG 11vs11 (68*65m) Set 3",12:12:43,12:15:58,10:50:14,12:46:09,00:03:14,304,21,5,0,1.66,7,0.62,0.62,23.67,93.98,2,2,10.88,35,
"Prada",,"LSG 11vs11 (68*65m) Set 4",12:16:52,12:19:58,10:50:14,12:46:09,00:03:06,264,0,0,0,0,0,0,0.97,14.42,84.81,0,3,4.82,15,
"Prada",,"LSG 11vs11 (68*65m) Set 5",12:20:53,12:24:05,10:50:14,12:46:09,00:03:12,293,12,0,0,0,0,0.31,0.62,18.06,91.71,1,2,7.68,25,
"Niddam",,"Entire Session",10:59:40,12:45:04,10:50:14,12:46:09,01:45:23,7080,618,171,12,1.74,206,0.57,0.5,31,67.18,60,53,8.36,881,
"Niddam",,"Entire Session - Live",11:09:51,12:24:09,10:50:14,12:46:09,01:14:17,5705,618,171,12,2.47,206,0.75,0.67,31,76.79,56,50,11.65,866,
"Niddam",,"Warm-up, Mobility",11:12:19,11:31:25,10:50:14,12:46:09,00:19:06,1084,21,0,0,0,0,0.42,0.47,18.69,56.74,8,9,2.8,53,
"Niddam",,"Rondo 6vs2 (6*6m)",11:31:57,11:40:00,10:50:14,12:46:09,00:08:03,295,0,0,0,0,0,0.5,0,12.67,36.64,4,0,0.48,4,
"Niddam",,"Possession Game 6vs3+3, 6 Mini Goas (2 Squares, 8*12m, 7m), Set 1",11:45:01,11:46:03,10:50:14,12:46:09,00:01:02,134,28,19,0,18.43,23,1.93,3.86,24.39,129.35,2,4,47.46,49,
"Niddam",,"Possession Game 6vs3+3, 6 Mini Goas (2 Squares, 8*12m, 7m), Set 2",11:46:33,11:47:33,10:50:14,12:46:09,00:00:59,112,25,10,0,10.25,12,5.02,4.01,22.66,112.19,5,4,39.1,39,
"Niddam",,"Possession Game 6vs3+3, 6 Mini Goas (2 Squares, 8*12m, 7m), Set 3",11:48:05,11:49:09,10:50:14,12:46:09,00:01:04,125,35,10,0,8.97,10,3.74,2.8,22.64,117.2,4,3,42.7,46,
"Niddam",,"Possession Game 6vs3+3, 6 Mini Goas (2 Squares, 8*12m, 7m), Set 4",11:50:08,11:51:08,10:50:14,12:46:09,00:01:00,81,10,0,0,0,0,1,1,17.06,80.68,1,1,16.36,16,
"Niddam",,"Possession Game 6vs3+3, 6 Mini Goas (2 Squares, 8*12m, 7m), Set 5",11:51:39,11:52:41,10:50:14,12:46:09,00:01:01,94,9,13,0,12.63,12,0.97,2.92,23.72,91.07,1,3,22.21,23,
"Niddam",,"Possession Game 6vs3+3, 6 Mini Goas (2 Squares, 8*12m, 7m), Set 6",11:53:11,11:54:14,10:50:14,12:46:09,00:01:02,151,42,1,0,0.54,0,5.77,0.96,20.13,145.29,6,1,44.77,47,
"Niddam",,"Possession Game 6vs3+3, 6 Mini Goas (2 Squares, 8*12m, 7m), Set 7",11:55:42,11:56:45,10:50:14,12:46:09,00:01:02,61,6,0,0,0,0,1.92,0.96,17.82,58.49,2,1,5.87,6,
"Niddam",,"Possession Game 6vs3+3, 6 Mini Goas (2 Squares, 8*12m, 7m), Set 8",11:57:16,11:58:15,10:50:14,12:46:09,00:00:59,141,44,6,0,5.61,7,2.01,2.01,20.66,141.22,2,2,53.36,53,
"Niddam",,"Possession Game 6vs3+3, 6 Mini Goas (2 Squares, 8*12m, 7m), Set 9",11:58:46,11:59:46,10:50:14,12:46:09,00:01:00,93,15,1,0,0.55,0,2.96,0.99,20.19,92.12,3,1,22.59,23,
"Niddam",,"LSG 11vs11 (68*65m) Set 1",12:04:25,12:07:39,10:50:14,12:46:09,00:03:14,518,128,46,0,14.21,59,0.93,0.31,23.83,159.9,3,1,45.91,149,
"Niddam",,"LSG 11vs11 (68*65m) Set 2",12:08:32,12:11:41,10:50:14,12:46:09,00:03:08,466,85,32,0,10.07,34,1.27,1.59,22.94,147.9,4,5,33.42,105,
"Niddam",,"LSG 11vs11 (68*65m) Set 3",12:12:43,12:15:58,10:50:14,12:46:09,00:03:14,474,77,32,12,13.41,43,1.54,1.24,31,146.23,5,4,35.28,114,
"Niddam",,"LSG 11vs11 (68*65m) Set 4",12:16:52,12:19:58,10:50:14,12:46:09,00:03:06,404,21,0,0,0,0,0.97,1.29,16.44,130.04,3,4,15.24,47,
"Niddam",,"LSG 11vs11 (68*65m) Set 5",12:20:53,12:24:05,10:50:14,12:46:09,00:03:12,422,73,3,0,1.07,6,0.94,1.87,20.76,132.01,3,6,26.84,86,
"Eshata",,"Entire Session",10:58:05,12:35:18,10:50:14,12:46:09,01:37:10,5833,439,153,24,1.83,192,0.66,0.7,28.29,60.02,64,68,7.62,740,
"Eshata",,"Entire Session - Live",11:09:51,12:24:09,10:50:14,12:46:09,01:14:17,4884,439,153,24,2.39,192,0.79,0.89,28.29,65.73,59,66,9.71,722,
"Eshata",,"Warm-up, Mobility",11:12:19,11:31:25,10:50:14,12:46:09,00:19:06,950,0,0,0,0,0,0.31,0.31,14.27,49.74,6,6,1.15,22,
"Eshata",,"Rondo 6vs2 (6*6m)",11:31:57,11:40:00,10:50:14,12:46:09,00:08:03,339,0,0,0,0,0,0.25,0.25,13.7,42.07,2,2,1.45,12,
"Eshata",,"Possession Game 6vs3+3, 6 Mini Goas (2 Squares, 8*12m, 7m), Set 1",11:45:01,11:46:03,10:50:14,12:46:09,00:01:02,60,6,0,0,0,0,0,0,17.98,58.27,0,0,8.02,8,
"Eshata",,"Possession Game 6vs3+3, 6 Mini Goas (2 Squares, 8*12m, 7m), Set 2",11:46:33,11:47:33,10:50:14,12:46:09,00:00:59,120,30,0,0,0,0,2.01,3.01,19.6,120.61,2,3,31.83,32,
"Eshata",,"Possession Game 6vs3+3, 6 Mini Goas (2 Squares, 8*12m, 7m), Set 3",11:48:05,11:49:09,10:50:14,12:46:09,00:01:04,107,8,8,8,15.37,18,3.74,3.74,27.91,99.99,4,4,30.74,33,
"Eshata",,"Possession Game 6vs3+3, 6 Mini Goas (2 Squares, 8*12m, 7m), Set 4",11:50:08,11:51:08,10:50:14,12:46:09,00:01:00,86,7,0,0,0,0,1,3.99,17.74,86.12,1,4,21.64,22,
"Eshata",,"Possession Game 6vs3+3, 6 Mini Goas (2 Squares, 8*12m, 7m), Set 5",11:51:39,11:52:41,10:50:14,12:46:09,00:01:01,71,7,6,0,6.17,7,0.97,1.94,21.32,68.94,1,2,19.08,20,
"Eshata",,"Possession Game 6vs3+3, 6 Mini Goas (2 Squares, 8*12m, 7m), Set 6",11:53:11,11:54:14,10:50:14,12:46:09,00:01:02,98,17,3,0,3.23,4,1.92,4.81,20.61,94.12,2,5,28.28,29,
"Eshata",,"Possession Game 6vs3+3, 6 Mini Goas (2 Squares, 8*12m, 7m), Set 7",11:55:42,11:56:45,10:50:14,12:46:09,00:01:02,63,0,0,0,0,0,2.88,1.92,14.31,60.34,3,2,8.44,9,
"Eshata",,"Possession Game 6vs3+3, 6 Mini Goas (2 Squares, 8*12m, 7m), Set 8",11:57:16,11:58:15,10:50:14,12:46:09,00:00:59,80,6,5,0,5.18,6,2.01,1,21.87,80.62,2,1,14.26,14,
"Eshata",,"Possession Game 6vs3+3, 6 Mini Goas (2 Squares, 8*12m, 7m), Set 9",11:58:46,11:59:46,10:50:14,12:46:09,00:01:00,120,18,0,0,0,0,1.97,3.95,17.92,118.78,2,4,26.24,27,
"Eshata",,"LSG 11vs11 (68*65m) Set 1",12:04:25,12:07:39,10:50:14,12:46:09,00:03:14,451,89,23,0,7.17,27,1.23,0.93,25.18,139.26,4,3,28.82,93,
"Eshata",,"LSG 11vs11 (68*65m) Set 2",12:08:32,12:11:41,10:50:14,12:46:09,00:03:08,402,51,27,0,8.48,25,2.22,2.54,24.89,127.78,7,8,28.37,89,
"Eshata",,"LSG 11vs11 (68*65m) Set 3",12:12:43,12:15:58,10:50:14,12:46:09,00:03:14,407,47,26,7,10.2,39,0.93,1.54,26.81,125.76,3,5,25.33,82,
"Eshata",,"LSG 11vs11 (68*65m) Set 4",12:16:52,12:19:58,10:50:14,12:46:09,00:03:06,387,36,8,0,2.71,0,3.22,1.61,22.83,124.36,10,5,24.81,77,
"Eshata",,"LSG 11vs11 (68*65m) Set 5",12:20:53,12:24:05,10:50:14,12:46:09,00:03:12,434,108,46,9,17.22,66,2.5,2.81,28.29,135.64,8,9,42.37,136,
"Altman",,"Entire Session",11:04:04,12:35:22,10:50:14,12:46:09,01:31:16,5464,475,57,0,0.63,74,0.35,0.44,23,59.86,32,40,6.61,603,
"Altman",,"Entire Session - Live",11:09:51,12:24:09,10:50:14,12:46:09,01:14:17,4675,475,57,0,0.77,74,0.43,0.54,23,62.92,32,40,8.09,601,
"Altman",,"Warm-up, Mobility",11:12:19,11:31:25,10:50:14,12:46:09,00:19:06,911,21,0,0,0,0,0.21,0.21,17.59,47.69,4,4,1.9,36,
"Altman",,"Rondo 6vs2 (6*6m)",11:31:57,11:40:00,10:50:14,12:46:09,00:08:03,335,0,0,0,0,0,0.5,0.62,15.69,41.54,4,5,1.53,12,
"Altman",,"Possession Game 6vs3+3, 6 Mini Goas (2 Squares, 8*12m, 7m), Set 1",11:45:01,11:46:03,10:50:14,12:46:09,00:01:02,126,5,0,0,0,0,1.93,1.93,15.95,121.44,2,2,28.33,29,
"Altman",,"Possession Game 6vs3+3, 6 Mini Goas (2 Squares, 8*12m, 7m), Set 2",11:46:33,11:47:33,10:50:14,12:46:09,00:00:59,84,9,0,0,0,0,1,1,16.79,83.89,1,1,13.88,14,
"Altman",,"Possession Game 6vs3+3, 6 Mini Goas (2 Squares, 8*12m, 7m), Set 3",11:48:05,11:49:09,10:50:14,12:46:09,00:01:04,89,9,0,0,0,0,0.93,0,16.21,82.8,1,0,15.58,17,
"Altman",,"Possession Game 6vs3+3, 6 Mini Goas (2 Squares, 8*12m, 7m), Set 4",11:50:08,11:51:08,10:50:14,12:46:09,00:01:00,105,29,0,0,0,0,2,3.99,17.84,104.72,2,4,34.77,35,
"Altman",,"Possession Game 6vs3+3, 6 Mini Goas (2 Squares, 8*12m, 7m), Set 5",11:51:39,11:52:41,10:50:14,12:46:09,00:01:01,13,0,0,0,0,0,0,0,10.5,12.85,0,0,0,0,
"Altman",,"Possession Game 6vs3+3, 6 Mini Goas (2 Squares, 8*12m, 7m), Set 6",11:53:11,11:54:14,10:50:14,12:46:09,00:01:02,80,19,0,0,0,0,0.96,0.96,17.97,76.67,1,1,14.84,15,
"Altman",,"Possession Game 6vs3+3, 6 Mini Goas (2 Squares, 8*12m, 7m), Set 7",11:55:42,11:56:45,10:50:14,12:46:09,00:01:02,132,52,1,0,0.54,0,1.92,5.75,20.1,126.42,2,6,56.2,59,
"Altman",,"Possession Game 6vs3+3, 6 Mini Goas (2 Squares, 8*12m, 7m), Set 8",11:57:16,11:58:15,10:50:14,12:46:09,00:00:59,58,10,13,0,12.81,15,2.01,1,22.02,58.07,2,1,21.66,22,
"Altman",,"Possession Game 6vs3+3, 6 Mini Goas (2 Squares, 8*12m, 7m), Set 9",11:58:46,11:59:46,10:50:14,12:46:09,00:01:00,120,46,3,0,2.81,7,1.97,2.96,21.26,118.28,2,3,40.65,41,
"Altman",,"LSG 11vs11 (68*65m) Set 1",12:04:25,12:07:39,10:50:14,12:46:09,00:03:14,480,106,5,0,1.57,8,0.93,1.23,21.49,148.01,3,4,31.94,104,
"Altman",,"LSG 11vs11 (68*65m) Set 2",12:08:32,12:11:41,10:50:14,12:46:09,00:03:08,408,38,6,0,1.84,9,0.64,1.27,22.32,129.6,2,4,18.9,60,
"Altman",,"LSG 11vs11 (68*65m) Set 3",12:12:43,12:15:58,10:50:14,12:46:09,00:03:14,394,55,1,0,0.17,0,0.31,0.62,19.86,121.55,1,2,19.08,62,
"Altman",,"LSG 11vs11 (68*65m) Set 4",12:16:52,12:19:58,10:50:14,12:46:09,00:03:06,387,33,26,0,8.51,35,0.32,0.32,23,124.62,1,1,15.74,49,
"Altman",,"LSG 11vs11 (68*65m) Set 5",12:20:53,12:24:05,10:50:14,12:46:09,00:03:12,358,31,3,0,1.06,0,0.62,0.31,20.69,111.93,2,1,11.13,36,
"Beni",,"Entire Session",10:59:38,12:45:11,10:50:14,12:46:09,01:45:31,6383,667,122,0,1.16,138,0.52,0.6,23.88,60.49,55,63,7.91,835,
"Beni",,"Entire Session - Live",11:09:51,12:24:09,10:50:14,12:46:09,01:14:17,5318,667,122,0,1.65,138,0.73,0.85,23.88,71.58,54,63,11.2,832,
"Beni",,"Warm-up, Mobility",11:12:19,11:31:25,10:50:14,12:46:09,00:19:06,868,7,0,0,0,0,0.05,0.1,16.77,45.44,1,2,1.84,35,
"Beni",,"Rondo 6vs2 (6*6m)",11:31:57,11:40:00,10:50:14,12:46:09,00:08:03,349,0,0,0,0,0,1.24,1.24,14.6,43.36,10,10,3.18,26,
"Beni",,"Possession Game 6vs3+3, 6 Mini Goas (2 Squares, 8*12m, 7m), Set 1",11:45:01,11:46:03,10:50:14,12:46:09,00:01:02,145,41,5,0,4.87,0,1.93,2.9,20.69,140.1,2,3,47.37,49,
"Beni",,"Possession Game 6vs3+3, 6 Mini Goas (2 Squares, 8*12m, 7m), Set 2",11:46:33,11:47:33,10:50:14,12:46:09,00:00:59,93,21,0,0,0,0,1,1,18.88,92.84,1,1,25.11,25,
"Beni",,"Possession Game 6vs3+3, 6 Mini Goas (2 Squares, 8*12m, 7m), Set 3",11:48:05,11:49:09,10:50:14,12:46:09,00:01:04,113,31,12,0,10.76,13,2.8,3.74,23.06,106.02,3,4,41.2,44,
"Beni",,"Possession Game 6vs3+3, 6 Mini Goas (2 Squares, 8*12m, 7m), Set 4",11:50:08,11:51:08,10:50:14,12:46:09,00:01:00,95,18,14,0,13.48,14,3.99,3.99,23.03,94.66,4,4,40.19,40,
"Beni",,"Possession Game 6vs3+3, 6 Mini Goas (2 Squares, 8*12m, 7m), Set 5",11:51:39,11:52:41,10:50:14,12:46:09,00:01:01,100,16,0,0,0,0,1.94,1.94,18.62,97.44,2,2,26.19,27,
"Beni",,"Possession Game 6vs3+3, 6 Mini Goas (2 Squares, 8*12m, 7m), Set 6",11:53:11,11:54:14,10:50:14,12:46:09,00:01:02,125,35,3,0,3.29,8,4.81,2.88,21.08,119.91,5,3,39.19,41,
"Beni",,"Possession Game 6vs3+3, 6 Mini Goas (2 Squares, 8*12m, 7m), Set 7",11:55:42,11:56:45,10:50:14,12:46:09,00:01:02,121,11,12,0,11.85,15,2.88,1.92,22.2,115.72,3,2,24.75,26,
"Beni",,"Possession Game 6vs3+3, 6 Mini Goas (2 Squares, 8*12m, 7m), Set 8",11:57:16,11:58:15,10:50:14,12:46:09,00:00:59,74,7,19,0,18.91,21,1,2.01,23.88,74.12,1,2,23.47,23,
"Beni",,"Possession Game 6vs3+3, 6 Mini Goas (2 Squares, 8*12m, 7m), Set 9",11:58:46,11:59:46,10:50:14,12:46:09,00:01:00,114,36,0,0,0,0,0.99,2.96,18.86,112.18,1,3,33.52,34,
"Beni",,"LSG 11vs11 (68*65m) Set 1",12:04:25,12:07:39,10:50:14,12:46:09,00:03:14,500,119,20,0,6.17,20,1.23,1.23,23.05,154.1,4,4,34.96,113,
"Beni",,"LSG 11vs11 (68*65m) Set 2",12:08:32,12:11:41,10:50:14,12:46:09,00:03:08,422,59,1,0,0.35,0,1.27,0.95,20,134.07,4,3,18.57,58,
"Beni",,"LSG 11vs11 (68*65m) Set 3",12:12:43,12:15:58,10:50:14,12:46:09,00:03:14,423,89,3,0,1.04,0,1.24,1.85,20.65,130.75,4,6,23.83,77,
"Beni",,"LSG 11vs11 (68*65m) Set 4",12:16:52,12:19:58,10:50:14,12:46:09,00:03:06,419,40,0,0,0,0,0.97,2.57,17.73,134.85,3,8,18.98,59,
"Beni",,"LSG 11vs11 (68*65m) Set 5",12:20:53,12:24:05,10:50:14,12:46:09,00:03:12,468,137,33,0,10.38,47,1.56,1.87,23.88,146.33,5,6,47.52,152,
"Don",,"Entire Session",11:04:02,12:34:57,10:50:14,12:46:09,01:30:54,5687,542,81,25,1.18,123,0.54,0.58,32.73,62.56,49,53,8.17,743,
"Don",,"Entire Session - Live",11:09:51,12:24:09,10:50:14,12:46:09,01:14:17,4858,529,81,25,1.44,123,0.65,0.7,32.73,65.39,48,52,9.84,731,
"Don",,"Warm-up, Mobility",11:12:19,11:31:25,10:50:14,12:46:09,00:19:06,778,10,0,0,0,0,0.26,0.31,18.06,40.71,5,6,1.61,31,
"Don",,"Rondo 6vs2 (6*6m)",11:31:57,11:40:00,10:50:14,12:46:09,00:08:03,248,0,0,0,0,0,0.12,0.25,12.8,30.82,1,2,0.58,5,
"Don",,"Possession Game 6vs3+3, 6 Mini Goas (2 Squares, 8*12m, 7m), Set 1",11:45:01,11:46:03,10:50:14,12:46:09,00:01:02,120,13,0,0,0,0,3.86,3.86,19.15,115.97,4,4,33.51,35,
"Don",,"Possession Game 6vs3+3, 6 Mini Goas (2 Squares, 8*12m, 7m), Set 2",11:46:33,11:47:33,10:50:14,12:46:09,00:00:59,82,21,1,0,0.55,0,3.01,2.01,19.81,82.18,3,2,21.54,21,
"Don",,"Possession Game 6vs3+3, 6 Mini Goas (2 Squares, 8*12m, 7m), Set 3",11:48:05,11:49:09,10:50:14,12:46:09,00:01:04,111,23,1,0,0.51,0,3.74,3.74,19.8,103.45,4,4,32.36,35,
"Don",,"Possession Game 6vs3+3, 6 Mini Goas (2 Squares, 8*12m, 7m), Set 4",11:50:08,11:51:08,10:50:14,12:46:09,00:01:00,96,12,0,0,0,0,2,2,15.88,95.73,2,2,15.82,16,
"Don",,"Possession Game 6vs3+3, 6 Mini Goas (2 Squares, 8*12m, 7m), Set 5",11:51:39,11:52:41,10:50:14,12:46:09,00:01:01,125,20,0,0,0,0,1.94,3.89,16.78,121.27,2,4,31.13,32,
"Don",,"Possession Game 6vs3+3, 6 Mini Goas (2 Squares, 8*12m, 7m), Set 6",11:53:11,11:54:14,10:50:14,12:46:09,00:01:02,95,8,0,0,0,0,1.92,0,17.14,91.29,2,0,16.41,17,
"Don",,"Possession Game 6vs3+3, 6 Mini Goas (2 Squares, 8*12m, 7m), Set 7",11:55:42,11:56:45,10:50:14,12:46:09,00:01:02,118,25,6,0,6.06,10,1.92,2.88,21.86,113.19,2,3,28.03,29,
"Don",,"Possession Game 6vs3+3, 6 Mini Goas (2 Squares, 8*12m, 7m), Set 8",11:57:16,11:58:15,10:50:14,12:46:09,00:00:59,90,15,0,0,0,0,1,2.01,17.04,89.88,1,2,19.42,19,
"Don",,"Possession Game 6vs3+3, 6 Mini Goas (2 Squares, 8*12m, 7m), Set 9",11:58:46,11:59:46,10:50:14,12:46:09,00:01:00,118,15,0,0,0,0,1.97,0.99,17.19,116.79,2,1,27.93,28,
"Don",,"LSG 11vs11 (68*65m) Set 1",12:04:25,12:07:39,10:50:14,12:46:09,00:03:14,465,65,17,0,5.39,22,0.62,0.93,22.73,143.3,2,3,27.21,88,
"Don",,"LSG 11vs11 (68*65m) Set 2",12:08:32,12:11:41,10:50:14,12:46:09,00:03:08,483,109,2,0,0.53,0,1.91,2.22,20.1,153.38,6,7,31.31,99,
"Don",,"LSG 11vs11 (68*65m) Set 3",12:12:43,12:15:58,10:50:14,12:46:09,00:03:14,388,31,32,25,17.78,56,0.93,0.93,32.73,119.72,3,3,29.73,96,
"Don",,"LSG 11vs11 (68*65m) Set 4",12:16:52,12:19:58,10:50:14,12:46:09,00:03:06,390,49,2,0,0.73,0,2.25,1.29,21.21,125.5,7,4,22.73,71,
"Don",,"LSG 11vs11 (68*65m) Set 5",12:20:53,12:24:05,10:50:14,12:46:09,00:03:12,446,97,20,0,6.23,35,0.31,1.25,23.79,139.28,1,4,31.07,99,
"Bazea",,"Entire Session",10:50:14,12:35:39,10:50:14,12:46:09,01:45:24,5216,344,120,33,1.46,170,0.49,0.26,30.85,49.48,52,27,5.34,563,
"Bazea",,"Entire Session - Live",11:09:51,12:24:09,10:50:14,12:46:09,01:14:17,3975,344,120,33,2.07,170,0.69,0.36,30.85,53.5,51,27,7.51,558,
"Bazea",,"Warm-up, Mobility",11:12:19,11:31:25,10:50:14,12:46:09,00:19:06,796,2,0,0,0,0,0.26,0,15.52,41.69,5,0,1.34,26,
"Bazea",,"Rondo 6vs2 (6*6m)",11:31:57,11:40:00,10:50:14,12:46:09,00:08:03,219,0,0,0,0,0,0.62,0.37,14.56,27.25,5,3,1.4,11,
"Bazea",,"Possession Game 6vs3+3, 6 Mini Goas (2 Squares, 8*12m, 7m), Set 1",11:45:01,11:46:03,10:50:14,12:46:09,00:01:02,44,0,0,0,0,0,0.97,0.97,12.16,42.63,1,1,2.85,3,
"Bazea",,"Possession Game 6vs3+3, 6 Mini Goas (2 Squares, 8*12m, 7m), Set 2",11:46:33,11:47:33,10:50:14,12:46:09,00:00:59,60,11,0,0,0,0,1,2.01,19.3,60.52,1,2,14.1,14,
"Bazea",,"Possession Game 6vs3+3, 6 Mini Goas (2 Squares, 8*12m, 7m), Set 3",11:48:05,11:49:09,10:50:14,12:46:09,00:01:04,84,13,15,0,13.71,18,2.8,0,24.53,78.89,3,0,25.06,27,
"Bazea",,"Possession Game 6vs3+3, 6 Mini Goas (2 Squares, 8*12m, 7m), Set 4",11:50:08,11:51:08,10:50:14,12:46:09,00:01:00,67,5,15,0,15.45,16,1,1,24.48,67.26,1,1,23.83,24,
"Bazea",,"Possession Game 6vs3+3, 6 Mini Goas (2 Squares, 8*12m, 7m), Set 5",11:51:39,11:52:41,10:50:14,12:46:09,00:01:01,83,26,0,0,0,0,0.97,0.97,18.37,80.66,1,1,28.42,29,
"Bazea",,"Possession Game 6vs3+3, 6 Mini Goas (2 Squares, 8*12m, 7m), Set 6",11:53:11,11:54:14,10:50:14,12:46:09,00:01:02,76,5,9,0,8.83,0,1.92,0.96,23.86,73.47,2,1,16.16,17,
"Bazea",,"Possession Game 6vs3+3, 6 Mini Goas (2 Squares, 8*12m, 7m), Set 7",11:55:42,11:56:45,10:50:14,12:46:09,00:01:02,81,9,8,6,12.78,14,1.92,0.96,26.47,77.81,2,1,23.3,24,
"Bazea",,"Possession Game 6vs3+3, 6 Mini Goas (2 Squares, 8*12m, 7m), Set 8",11:57:16,11:58:15,10:50:14,12:46:09,00:00:59,74,7,15,0,15.31,15,2.01,2.01,23.17,73.89,2,2,21.14,21,
"Bazea",,"Possession Game 6vs3+3, 6 Mini Goas (2 Squares, 8*12m, 7m), Set 9",11:58:46,11:59:46,10:50:14,12:46:09,00:01:00,45,0,0,0,0,0,2.96,0.99,13.55,44.11,3,1,5.18,5,
"Bazea",,"LSG 11vs11 (68*65m) Set 1",12:04:25,12:07:39,10:50:14,12:46:09,00:03:14,446,81,7,0,2.01,7,2.47,1.23,23.12,137.51,8,4,31.67,103,
"Bazea",,"LSG 11vs11 (68*65m) Set 2",12:08:32,12:11:41,10:50:14,12:46:09,00:03:08,334,51,15,0,4.87,27,1.27,0.32,22.69,106,4,1,18.37,58,
"Bazea",,"LSG 11vs11 (68*65m) Set 3",12:12:43,12:15:58,10:50:14,12:46:09,00:03:14,373,37,18,28,14.08,47,1.24,0.93,30.85,115.29,4,3,25.33,82,
"Bazea",,"LSG 11vs11 (68*65m) Set 4",12:16:52,12:19:58,10:50:14,12:46:09,00:03:06,289,24,13,0,4.2,10,1.29,0.97,24.24,93.09,4,3,14.9,46,
"Bazea",,"LSG 11vs11 (68*65m) Set 5",12:20:53,12:24:05,10:50:14,12:46:09,00:03:12,339,60,1,0,0.18,0,0.62,0.62,20.23,105.86,2,2,14.77,47,
"Botaka",,"Entire Session",11:04:10,12:34:49,10:50:14,12:46:09,01:30:37,4447,420,81,32,1.24,132,0.66,0.36,30.83,49.06,60,33,6.27,569,
"Botaka",,"Entire Session - Live",11:09:51,12:24:09,10:50:14,12:46:09,01:14:17,3993,420,81,32,1.52,132,0.81,0.44,30.83,53.74,60,33,7.65,569,
"Botaka",,"Warm-up, Mobility",11:12:19,11:31:25,10:50:14,12:46:09,00:19:06,775,13,0,0,0,0,0.26,0.31,18.93,40.58,5,6,1.4,27,
"Botaka",,"Rondo 6vs2 (6*6m)",11:31:57,11:40:00,10:50:14,12:46:09,00:08:03,222,0,0,0,0,0,0.37,0,10.96,27.63,3,0,0.34,3,
"Botaka",,"Possession Game 6vs3+3, 6 Mini Goas (2 Squares, 8*12m, 7m), Set 1",11:45:01,11:46:03,10:50:14,12:46:09,00:01:02,47,0,0,0,0,0,1.93,0.97,12.61,44.96,2,1,6.67,7,
"Botaka",,"Possession Game 6vs3+3, 6 Mini Goas (2 Squares, 8*12m, 7m), Set 2",11:46:33,11:47:33,10:50:14,12:46:09,00:00:59,66,20,0,0,0,0,2.01,1,19.31,65.97,2,1,20.79,21,
"Botaka",,"Possession Game 6vs3+3, 6 Mini Goas (2 Squares, 8*12m, 7m), Set 3",11:48:05,11:49:09,10:50:14,12:46:09,00:01:04,102,18,1,0,1.06,0,4.67,1.87,20.48,95.1,5,2,29.55,32,
"Botaka",,"Possession Game 6vs3+3, 6 Mini Goas (2 Squares, 8*12m, 7m), Set 4",11:50:08,11:51:08,10:50:14,12:46:09,00:01:00,57,0,0,0,0,0,2,1,13.18,57.08,2,1,8.2,8,
"Botaka",,"Possession Game 6vs3+3, 6 Mini Goas (2 Squares, 8*12m, 7m), Set 5",11:51:39,11:52:41,10:50:14,12:46:09,00:01:01,92,0,0,0,0,0,1.94,2.92,14.74,89.64,2,3,16.57,17,
"Botaka",,"Possession Game 6vs3+3, 6 Mini Goas (2 Squares, 8*12m, 7m), Set 6",11:53:11,11:54:14,10:50:14,12:46:09,00:01:02,62,0,0,0,0,0,0.96,0.96,11.18,59.54,1,1,8.02,8,
"Botaka",,"Possession Game 6vs3+3, 6 Mini Goas (2 Squares, 8*12m, 7m), Set 7",11:55:42,11:56:45,10:50:14,12:46:09,00:01:02,108,32,1,0,0.54,0,3.83,0.96,20.2,103.11,4,1,29.32,31,
"Botaka",,"Possession Game 6vs3+3, 6 Mini Goas (2 Squares, 8*12m, 7m), Set 8",11:57:16,11:58:15,10:50:14,12:46:09,00:00:59,96,18,0,0,0,0,2.01,1,18.71,96.57,2,1,21.77,22,
"Botaka",,"Possession Game 6vs3+3, 6 Mini Goas (2 Squares, 8*12m, 7m), Set 9",11:58:46,11:59:46,10:50:14,12:46:09,00:01:00,120,33,17,0,16.7,23,2.96,0.99,23.92,118.4,3,1,42.33,43,
"Botaka",,"LSG 11vs11 (68*65m) Set 1",12:04:25,12:07:39,10:50:14,12:46:09,00:03:14,353,73,1,0,0.18,0,1.23,0.93,20.85,108.93,4,3,17.31,56,
"Botaka",,"LSG 11vs11 (68*65m) Set 2",12:08:32,12:11:41,10:50:14,12:46:09,00:03:08,376,67,20,13,10.63,44,2.22,0.95,28.98,119.38,7,3,27.33,86,
"Botaka",,"LSG 11vs11 (68*65m) Set 3",12:12:43,12:15:58,10:50:14,12:46:09,00:03:14,310,51,20,3,7.17,25,1.24,0.62,26.65,95.85,4,2,19.4,63,
"Botaka",,"LSG 11vs11 (68*65m) Set 4",12:16:52,12:19:58,10:50:14,12:46:09,00:03:06,275,45,7,0,2.38,5,2.25,0.97,21.39,88.41,7,3,18.57,58,
"Botaka",,"LSG 11vs11 (68*65m) Set 5",12:20:53,12:24:05,10:50:14,12:46:09,00:03:12,396,45,14,16,9.22,30,1.87,0.94,30.83,123.66,6,3,26.72,86,
"Badash",,"Entire Session",11:05:32,12:46:09,10:50:14,12:46:09,01:40:35,5246,424,136,1,1.35,170,0.65,0.47,25.4,52.15,65,47,5.87,591,
"Badash",,"Entire Session - Live",11:09:51,12:24:09,10:50:14,12:46:09,01:14:17,4119,408,99,1,1.34,134,0.58,0.4,25.4,55.44,43,30,6.66,495,
"Badash",,"Warm-up, Mobility",11:12:19,11:31:25,10:50:14,12:46:09,00:19:06,839,9,0,0,0,0,0.1,0.1,17.17,43.93,2,2,1.68,32,
"Badash",,"Rondo 6vs2 (6*6m)",11:31:57,11:40:00,10:50:14,12:46:09,00:08:03,276,0,0,0,0,0,0.62,0.75,12.31,34.22,5,6,1.1,9,
"Badash",,"Possession Game 6vs3+3, 6 Mini Goas (2 Squares, 8*12m, 7m), Set 1",11:45:01,11:46:03,10:50:14,12:46:09,00:01:02,49,2,0,0,0,0,0,0,15.21,47.04,0,0,6.23,6,
"Badash",,"Possession Game 6vs3+3, 6 Mini Goas (2 Squares, 8*12m, 7m), Set 2",11:46:33,11:47:33,10:50:14,12:46:09,00:00:59,67,0,0,0,0,0,1,0,11.29,67.72,1,0,1.87,2,
"Badash",,"Possession Game 6vs3+3, 6 Mini Goas (2 Squares, 8*12m, 7m), Set 3",11:48:05,11:49:09,10:50:14,12:46:09,00:01:04,71,0,0,0,0,0,0.93,0,12.91,66.53,1,0,8.1,9,
"Badash",,"Possession Game 6vs3+3, 6 Mini Goas (2 Squares, 8*12m, 7m), Set 4",11:50:08,11:51:08,10:50:14,12:46:09,00:01:00,90,16,3,0,3.47,5,2,3.99,21.15,89.41,2,4,30.56,31,
"Badash",,"Possession Game 6vs3+3, 6 Mini Goas (2 Squares, 8*12m, 7m), Set 5",11:51:39,11:52:41,10:50:14,12:46:09,00:01:01,61,0,0,0,0,0,1.94,0,11.21,58.92,2,0,5.32,5,
"Badash",,"Possession Game 6vs3+3, 6 Mini Goas (2 Squares, 8*12m, 7m), Set 6",11:53:11,11:54:14,10:50:14,12:46:09,00:01:02,63,19,0,0,0,0,0.96,1.92,19.54,60.8,1,2,12.45,13,
"Badash",,"Possession Game 6vs3+3, 6 Mini Goas (2 Squares, 8*12m, 7m), Set 7",11:55:42,11:56:45,10:50:14,12:46:09,00:01:02,130,48,14,0,13.15,17,3.83,4.79,21.61,124.31,4,5,51.06,53,
"Badash",,"Possession Game 6vs3+3, 6 Mini Goas (2 Squares, 8*12m, 7m), Set 8",11:57:16,11:58:15,10:50:14,12:46:09,00:00:59,29,0,0,0,0,0,1,0,11.77,28.85,1,0,2.31,2,
"Badash",,"Possession Game 6vs3+3, 6 Mini Goas (2 Squares, 8*12m, 7m), Set 9",11:58:46,11:59:46,10:50:14,12:46:09,00:01:00,68,8,0,0,0,0,1.97,0,16.84,67.52,2,0,18.4,19,
"Badash",,"LSG 11vs11 (68*65m) Set 1",12:04:25,12:07:39,10:50:14,12:46:09,00:03:14,398,94,3,0,1.07,4,1.85,0.62,22.57,122.67,6,2,23.72,77,
"Badash",,"LSG 11vs11 (68*65m) Set 2",12:08:32,12:11:41,10:50:14,12:46:09,00:03:08,342,41,25,1,8.19,27,1.59,1.27,25.4,108.57,5,4,24.65,78,
"Badash",,"LSG 11vs11 (68*65m) Set 3",12:12:43,12:15:58,10:50:14,12:46:09,00:03:14,307,53,3,0,0.87,13,0.62,0.31,20.55,94.75,2,1,9.12,30,
"Badash",,"LSG 11vs11 (68*65m) Set 4",12:16:52,12:19:58,10:50:14,12:46:09,00:03:06,343,61,6,0,2.06,0,0.32,0.97,22.59,110.22,1,3,19.57,61,
"Badash",,"LSG 11vs11 (68*65m) Set 5",12:20:53,12:24:05,10:50:14,12:46:09,00:03:12,357,52,44,0,13.73,58,1.87,0,25.07,111.56,6,0,20.23,65,
"Zada",,"Entire Session",11:08:34,12:34:47,10:50:14,12:46:09,01:26:11,4749,345,143,8,1.76,172,0.56,0.59,27.9,55.1,48,51,6.81,587,
"Zada",,"Entire Session - Live",11:09:51,12:24:09,10:50:14,12:46:09,01:14:17,4193,345,143,8,2.04,172,0.65,0.69,27.9,56.44,48,51,7.9,587,
"Zada",,"Warm-up, Mobility",11:12:19,11:31:25,10:50:14,12:46:09,00:19:06,962,8,0,0,0,0,0.31,0.21,16.67,50.34,6,4,2.17,41,
"Zada",,"Rondo 6vs2 (6*6m)",11:31:57,11:40:00,10:50:14,12:46:09,00:08:03,351,0,0,0,0,0,0.87,0.75,14.67,43.55,7,6,2.08,17,
"Zada",,"Possession Game 6vs3+3, 6 Mini Goas (2 Squares, 8*12m, 7m), Set 1",11:45:01,11:46:03,10:50:14,12:46:09,00:01:02,112,23,11,0,10.33,10,5.8,2.9,22.59,108.12,6,3,36.09,37,
"Zada",,"Possession Game 6vs3+3, 6 Mini Goas (2 Squares, 8*12m, 7m), Set 2",11:46:33,11:47:33,10:50:14,12:46:09,00:00:59,86,14,5,0,5.14,10,3.01,3.01,21.04,86.62,3,3,22.03,22,
"Zada",,"Possession Game 6vs3+3, 6 Mini Goas (2 Squares, 8*12m, 7m), Set 3",11:48:05,11:49:09,10:50:14,12:46:09,00:01:04,87,11,0,0,0,0,0.93,3.74,17.89,81.69,1,4,20.05,21,
"Zada",,"Possession Game 6vs3+3, 6 Mini Goas (2 Squares, 8*12m, 7m), Set 4",11:50:08,11:51:08,10:50:14,12:46:09,00:01:00,114,8,0,0,0,0,2,2,15.98,113.88,2,2,24.74,25,
"Zada",,"Possession Game 6vs3+3, 6 Mini Goas (2 Squares, 8*12m, 7m), Set 5",11:51:39,11:52:41,10:50:14,12:46:09,00:01:01,81,5,0,0,0,0,2.92,1.94,16.02,78.87,3,2,13.85,14,
"Zada",,"Possession Game 6vs3+3, 6 Mini Goas (2 Squares, 8*12m, 7m), Set 6",11:53:11,11:54:14,10:50:14,12:46:09,00:01:02,36,0,0,0,0,0,0,0,13,34.63,0,0,3.48,4,
"Zada",,"Possession Game 6vs3+3, 6 Mini Goas (2 Squares, 8*12m, 7m), Set 7",11:55:42,11:56:45,10:50:14,12:46:09,00:01:02,103,22,1,0,0.54,0,2.88,2.88,20.19,99.09,3,3,30.73,32,
"Zada",,"Possession Game 6vs3+3, 6 Mini Goas (2 Squares, 8*12m, 7m), Set 8",11:57:16,11:58:15,10:50:14,12:46:09,00:00:59,115,16,2,0,1.68,0,2.01,3.01,20.34,115.54,2,3,21.69,22,
"Zada",,"Possession Game 6vs3+3, 6 Mini Goas (2 Squares, 8*12m, 7m), Set 9",11:58:46,11:59:46,10:50:14,12:46:09,00:01:00,118,23,3,0,2.8,5,2.96,4.93,20.79,116.46,3,5,28.12,28,
"Zada",,"LSG 11vs11 (68*65m) Set 3",12:12:43,12:15:58,10:50:14,12:46:09,00:03:14,415,69,66,1,20.5,77,1.24,1.54,26.06,128.02,4,5,35.57,115,
"Zada",,"LSG 11vs11 (68*65m) Set 4",12:16:52,12:19:58,10:50:14,12:46:09,00:03:06,371,52,41,7,15.47,48,0.97,1.29,27.9,119.38,3,4,29.37,91,
"Zada",,"LSG 11vs11 (68*65m) Set 5",12:20:53,12:24:05,10:50:14,12:46:09,00:03:12,401,93,16,0,4.98,22,0.62,1.56,22.52,125.29,2,5,32.09,103,
"Jan",,"Entire Session",11:01:13,12:27:56,10:50:14,12:46:09,01:26:41,4477,277,56,0,0.64,54,0.37,0.29,22.62,51.64,32,25,5.45,473,
"Jan",,"Entire Session - Live",11:09:51,12:24:09,10:50:14,12:46:09,01:14:17,3996,277,56,0,0.75,54,0.43,0.34,22.62,53.78,32,25,6.36,473,
"Jan",,"Warm-up, Mobility",11:12:19,11:31:25,10:50:14,12:46:09,00:19:06,860,20,0,0,0,0,0.26,0.26,19.19,45.03,5,5,2.63,50,
"Jan",,"Rondo 6vs2 (6*6m)",11:31:57,11:40:00,10:50:14,12:46:09,00:08:03,285,0,0,0,0,0,0.87,0.37,14.08,35.37,7,3,1.67,13,
"Jan",,"Possession Game 6vs3+3, 6 Mini Goas (2 Squares, 8*12m, 7m), Set 1",11:45:01,11:46:03,10:50:14,12:46:09,00:01:02,72,9,0,0,0,0,0.97,1.93,18.33,69.69,1,2,15.55,16,
"Jan",,"Possession Game 6vs3+3, 6 Mini Goas (2 Squares, 8*12m, 7m), Set 2",11:46:33,11:47:33,10:50:14,12:46:09,00:00:59,41,0,0,0,0,0,2.01,0,10.83,40.85,2,0,2.29,2,
"Jan",,"Possession Game 6vs3+3, 6 Mini Goas (2 Squares, 8*12m, 7m), Set 3",11:48:05,11:49:09,10:50:14,12:46:09,00:01:04,62,7,6,0,5.32,8,0.93,0.93,21.4,57.91,1,1,12.64,14,
"Jan",,"Possession Game 6vs3+3, 6 Mini Goas (2 Squares, 8*12m, 7m), Set 4",11:50:08,11:51:08,10:50:14,12:46:09,00:01:00,56,8,6,0,6.45,6,1,1,22.13,56.27,1,1,14.15,14,
"Jan",,"Possession Game 6vs3+3, 6 Mini Goas (2 Squares, 8*12m, 7m), Set 5",11:51:39,11:52:41,10:50:14,12:46:09,00:01:01,38,0,0,0,0,0,0,0,11.62,36.79,0,0,0.58,1,
"Jan",,"Possession Game 6vs3+3, 6 Mini Goas (2 Squares, 8*12m, 7m), Set 6",11:53:11,11:54:14,10:50:14,12:46:09,00:01:02,89,16,9,0,8.97,7,1.92,1.92,22.62,85.4,2,2,24.13,25,
"Jan",,"Possession Game 6vs3+3, 6 Mini Goas (2 Squares, 8*12m, 7m), Set 7",11:55:42,11:56:45,10:50:14,12:46:09,00:01:02,60,19,2,0,1.65,0,0.96,1.92,20.99,57.54,1,2,20.51,21,
"Jan",,"Possession Game 6vs3+3, 6 Mini Goas (2 Squares, 8*12m, 7m), Set 8",11:57:16,11:58:15,10:50:14,12:46:09,00:00:59,60,7,6,0,6.35,6,2.01,1,22.18,60.13,2,1,18.37,18,
"Jan",,"Possession Game 6vs3+3, 6 Mini Goas (2 Squares, 8*12m, 7m), Set 9",11:58:46,11:59:46,10:50:14,12:46:09,00:01:00,34,0,0,0,0,0,0,0,10.58,33.16,0,0,0.29,0,
"Jan",,"LSG 11vs11 (68*65m) Set 1",12:04:25,12:07:39,10:50:14,12:46:09,00:03:14,382,58,17,0,5.31,15,0.93,0.93,22.59,117.76,3,3,26.06,84,
"Jan",,"LSG 11vs11 (68*65m) Set 2",12:08:32,12:11:41,10:50:14,12:46:09,00:03:08,320,21,2,0,0.55,0,0.32,0.32,20.96,101.52,1,1,15.8,50,
"Jan",,"LSG 11vs11 (68*65m) Set 3",12:12:43,12:15:58,10:50:14,12:46:09,00:03:14,360,27,0,0,0,0,0.31,0.31,16.76,111.14,1,1,15.34,50,
"Jan",,"LSG 11vs11 (68*65m) Set 4",12:16:52,12:19:58,10:50:14,12:46:09,00:03:06,299,37,5,0,1.66,6,0.32,0,21.7,96.28,1,0,17.98,56,
"Jan",,"LSG 11vs11 (68*65m) Set 5",12:20:53,12:24:05,10:50:14,12:46:09,00:03:12,383,37,1,0,0.35,0,0.62,0.62,19.98,119.73,2,2,15.1,48,
"Togui",,"Entire Session",11:04:47,12:35:07,10:50:14,12:46:09,01:30:18,4192,312,48,0,0.54,68,0.29,0.25,23.64,46.42,26,23,4.93,445,
"Togui",,"Entire Session - Live",11:09:51,12:24:09,10:50:14,12:46:09,01:14:17,3711,312,48,0,0.65,68,0.35,0.31,23.64,49.94,26,23,5.99,445,
"Togui",,"Warm-up, Mobility",11:12:19,11:31:25,10:50:14,12:46:09,00:19:06,845,20,0,0,0,0,0.26,0.16,19.42,44.23,5,3,1.86,36,
"Togui",,"Rondo 6vs2 (6*6m)",11:31:57,11:40:00,10:50:14,12:46:09,00:08:03,170,0,0,0,0,0,0.12,0,10,21.1,1,0,0.16,1,
"Togui",,"Possession Game 6vs3+3, 6 Mini Goas (2 Squares, 8*12m, 7m), Set 1",11:45:01,11:46:03,10:50:14,12:46:09,00:01:02,53,7,0,0,0,0,0,0,16.52,51.5,0,0,11.72,12,
"Togui",,"Possession Game 6vs3+3, 6 Mini Goas (2 Squares, 8*12m, 7m), Set 2",11:46:33,11:47:33,10:50:14,12:46:09,00:00:59,75,9,0,0,0,0,0,1,17.2,75.06,0,1,16.33,16,
"Togui",,"Possession Game 6vs3+3, 6 Mini Goas (2 Squares, 8*12m, 7m), Set 3",11:48:05,11:49:09,10:50:14,12:46:09,00:01:04,65,11,0,0,0,0,0,0.93,18.55,60.72,0,1,11.95,13,
"Togui",,"Possession Game 6vs3+3, 6 Mini Goas (2 Squares, 8*12m, 7m), Set 4",11:50:08,11:51:08,10:50:14,12:46:09,00:01:00,64,13,4,0,4.48,0,2,1,20.57,64.13,2,1,21.37,21,
"Togui",,"Possession Game 6vs3+3, 6 Mini Goas (2 Squares, 8*12m, 7m), Set 5",11:51:39,11:52:41,10:50:14,12:46:09,00:01:01,24,0,0,0,0,0,0,0,7.65,23.42,0,0,0,0,
"Togui",,"Possession Game 6vs3+3, 6 Mini Goas (2 Squares, 8*12m, 7m), Set 6",11:53:11,11:54:14,10:50:14,12:46:09,00:01:02,24,0,0,0,0,0,0,0,11.66,23.33,0,0,0.22,0,
"Togui",,"Possession Game 6vs3+3, 6 Mini Goas (2 Squares, 8*12m, 7m), Set 7",11:55:42,11:56:45,10:50:14,12:46:09,00:01:02,98,14,3,0,2.73,7,1.92,3.83,20.68,94.05,2,4,31.21,33,
"Togui",,"Possession Game 6vs3+3, 6 Mini Goas (2 Squares, 8*12m, 7m), Set 8",11:57:16,11:58:15,10:50:14,12:46:09,00:00:59,16,0,0,0,0,0,0,0,5.6,16.54,0,0,0,0,
"Togui",,"Possession Game 6vs3+3, 6 Mini Goas (2 Squares, 8*12m, 7m), Set 9",11:58:46,11:59:46,10:50:14,12:46:09,00:01:00,64,22,1,0,0.54,0,0.99,0.99,19.83,63.55,1,1,20.28,21,
"Togui",,"LSG 11vs11 (68*65m) Set 1",12:04:25,12:07:39,10:50:14,12:46:09,00:03:14,381,50,7,0,2.27,6,1.23,0.93,21.41,117.49,4,3,21.67,70,
"Togui",,"LSG 11vs11 (68*65m) Set 2",12:08:32,12:11:41,10:50:14,12:46:09,00:03:08,377,69,15,0,4.73,35,0.95,0.64,22.11,119.7,3,2,22.49,71,
"Togui",,"LSG 11vs11 (68*65m) Set 3",12:12:43,12:15:58,10:50:14,12:46:09,00:03:14,340,36,5,0,1.62,8,0.31,0,22.32,104.86,1,0,15.18,49,
"Togui",,"LSG 11vs11 (68*65m) Set 4",12:16:52,12:19:58,10:50:14,12:46:09,00:03:06,327,31,3,0,0.93,0,0.97,0.97,22,105.16,3,3,15.34,48,
"Togui",,"LSG 11vs11 (68*65m) Set 5",12:20:53,12:24:05,10:50:14,12:46:09,00:03:12,305,31,10,0,3.19,12,1.25,1.25,23.64,95.47,4,4,16.54,53,
"Tomer",,"Entire Session",10:54:41,12:44:58,10:50:14,12:46:09,01:50:14,4935,290,50,24,0.67,81,0.33,0.39,30.81,44.77,36,43,4.33,478,
"Tomer",,"Entire Session - Live",11:09:51,12:24:09,10:50:14,12:46:09,01:14:17,4032,290,50,24,0.99,81,0.48,0.57,30.81,54.27,36,42,6.42,477,
"Tomer",,"Warm-up, Mobility",11:12:19,11:31:25,10:50:14,12:46:09,00:19:06,877,21,0,0,0,0,0.47,0.52,19.46,45.89,9,10,2.9,55,
"Tomer",,"Rondo 6vs2 (6*6m)",11:31:57,11:40:00,10:50:14,12:46:09,00:08:03,127,0,0,0,0,0,0,0,9.22,15.75,0,0,0.12,1,
"Tomer",,"Possession Game 6vs3+3, 6 Mini Goas (2 Squares, 8*12m, 7m), Set 1",11:45:01,11:46:03,10:50:14,12:46:09,00:01:02,74,22,3,0,2.75,7,0.97,1.93,21.06,71.16,1,2,23.64,24,
"Tomer",,"Possession Game 6vs3+3, 6 Mini Goas (2 Squares, 8*12m, 7m), Set 2",11:46:33,11:47:33,10:50:14,12:46:09,00:00:59,40,0,0,0,0,0,0,0,8.76,39.8,0,0,0.46,0,
"Tomer",,"Possession Game 6vs3+3, 6 Mini Goas (2 Squares, 8*12m, 7m), Set 3",11:48:05,11:49:09,10:50:14,12:46:09,00:01:04,88,18,0,0,0,0,2.8,1.87,19.08,81.87,3,2,21.58,23,
"Tomer",,"Possession Game 6vs3+3, 6 Mini Goas (2 Squares, 8*12m, 7m), Set 4",11:50:08,11:51:08,10:50:14,12:46:09,00:01:00,50,0,0,0,0,0,1,1,12.81,49.51,1,1,2,2,
"Tomer",,"Possession Game 6vs3+3, 6 Mini Goas (2 Squares, 8*12m, 7m), Set 5",11:51:39,11:52:41,10:50:14,12:46:09,00:01:01,83,2,0,0,0,0,1.94,3.89,15.19,81.14,2,4,18.77,19,
"Tomer",,"Possession Game 6vs3+3, 6 Mini Goas (2 Squares, 8*12m, 7m), Set 6",11:53:11,11:54:14,10:50:14,12:46:09,00:01:02,74,16,0,0,0,0,1.92,1.92,18.24,71.02,2,2,14.26,15,
"Tomer",,"Possession Game 6vs3+3, 6 Mini Goas (2 Squares, 8*12m, 7m), Set 7",11:55:42,11:56:45,10:50:14,12:46:09,00:01:02,50,0,0,0,0,0,1.92,0,14.04,47.59,2,0,8.62,9,
"Tomer",,"Possession Game 6vs3+3, 6 Mini Goas (2 Squares, 8*12m, 7m), Set 8",11:57:16,11:58:15,10:50:14,12:46:09,00:00:59,100,29,0,0,0,0,4.01,2.01,19.25,100.4,4,2,30.13,30,
"Tomer",,"Possession Game 6vs3+3, 6 Mini Goas (2 Squares, 8*12m, 7m), Set 9",11:58:46,11:59:46,10:50:14,12:46:09,00:01:00,72,16,1,0,1.09,0,2.96,0.99,20.06,71.23,3,1,17.03,17,
"Tomer",,"LSG 11vs11 (68*65m) Set 1",12:04:25,12:07:39,10:50:14,12:46:09,00:03:14,411,47,23,23,14.09,47,0.62,1.85,30.81,126.75,2,6,30.48,99,
"Tomer",,"LSG 11vs11 (68*65m) Set 2",12:08:32,12:11:41,10:50:14,12:46:09,00:03:08,333,37,16,1,5.3,19,0.32,0.95,25.59,105.81,1,3,18.75,59,
"Tomer",,"LSG 11vs11 (68*65m) Set 3",12:12:43,12:15:58,10:50:14,12:46:09,00:03:14,319,16,0,0,0,0,0.62,1.54,19.7,98.39,2,5,8.86,29,
"Tomer",,"LSG 11vs11 (68*65m) Set 4",12:16:52,12:19:58,10:50:14,12:46:09,00:03:06,301,22,0,0,0,0,0,0.32,16.98,96.94,0,1,10.14,32,
"Tomer",,"LSG 11vs11 (68*65m) Set 5",12:20:53,12:24:05,10:50:14,12:46:09,00:03:12,331,45,7,0,2.28,8,0.94,0.94,23.56,103.5,3,3,19.12,61,
"Zoabi",,"Entire Session",10:59:02,12:35:28,10:50:14,12:46:09,01:36:24,4539,237,40,4,0.46,51,0.38,0.28,26.51,47.08,37,27,4.29,414,
"Zoabi",,"Warm-up, Mobility",11:12:19,11:31:25,10:50:14,12:46:09,00:19:06,794,4,0,0,0,0,0.1,0,15.81,41.56,2,0,1.14,22,
"Zoabi",,"Rondo 6vs2 (6*6m)",11:31:57,11:40:00,10:50:14,12:46:09,00:08:03,203,0,0,0,0,0,0.37,0,12.41,25.17,3,0,0.35,3,
"Zoabi",,"Possession Game 6vs3+3, 6 Mini Goas (2 Squares, 8*12m, 7m), Set 1",11:45:01,11:46:03,10:50:14,12:46:09,00:01:02,85,14,2,0,1.61,0,0,2.9,20.08,82.21,0,3,21.13,22,
"Zoabi",,"Possession Game 6vs3+3, 6 Mini Goas (2 Squares, 8*12m, 7m), Set 2",11:46:33,11:47:33,10:50:14,12:46:09,00:00:59,43,0,0,0,0,0,2.01,1,12.23,43.27,2,1,3.33,3,
"Zoabi",,"Possession Game 6vs3+3, 6 Mini Goas (2 Squares, 8*12m, 7m), Set 3",11:48:05,11:49:09,10:50:14,12:46:09,00:01:04,110,15,1,0,1.05,0,0.93,3.74,20.46,102.68,1,4,21.42,23,
"Zoabi",,"Possession Game 6vs3+3, 6 Mini Goas (2 Squares, 8*12m, 7m), Set 4",11:50:08,11:51:08,10:50:14,12:46:09,00:01:00,118,11,0,0,0,0,1,1,16.73,117.77,1,1,23.41,23,
"Zoabi",,"Possession Game 6vs3+3, 6 Mini Goas (2 Squares, 8*12m, 7m), Set 5",11:51:39,11:52:41,10:50:14,12:46:09,00:01:01,70,11,0,0,0,0,0.97,1.94,19.24,68.41,1,2,15.24,16,
"Zoabi",,"Possession Game 6vs3+3, 6 Mini Goas (2 Squares, 8*12m, 7m), Set 6",11:53:11,11:54:14,10:50:14,12:46:09,00:01:02,48,7,0,0,0,0,2.88,1.92,17.48,46.26,3,2,10.38,11,
"Zoabi",,"Possession Game 6vs3+3, 6 Mini Goas (2 Squares, 8*12m, 7m), Set 7",11:55:42,11:56:45,10:50:14,12:46:09,00:01:02,98,15,1,0,0.54,0,3.83,2.88,20.28,94.4,4,3,25.32,26,
"Zoabi",,"Possession Game 6vs3+3, 6 Mini Goas (2 Squares, 8*12m, 7m), Set 8",11:57:16,11:58:15,10:50:14,12:46:09,00:00:59,48,9,0,0,0,0,0,0,17.47,48.37,0,0,10.89,11,
"Zoabi",,"Possession Game 6vs3+3, 6 Mini Goas (2 Squares, 8*12m, 7m), Set 9",11:58:46,11:59:46,10:50:14,12:46:09,00:01:00,93,5,0,0,0,0,2.96,0.99,16.58,91.86,3,1,18.31,19,
"Zoabi",,"LSG 11vs11 (68*65m) Set 3",12:12:43,12:15:58,10:50:14,12:46:09,00:03:14,372,52,27,0,8.35,36,2.47,0.93,24.69,114.91,8,3,27.57,89,
"Zoabi",,"LSG 11vs11 (68*65m) Set 4",12:16:52,12:19:58,10:50:14,12:46:09,00:03:06,389,71,9,4,4.35,15,1.61,1.61,26.51,125.23,5,5,29.51,92,
"Zoabi",,"LSG 11vs11 (68*65m) Set 5",12:20:53,12:24:05,10:50:14,12:46:09,00:03:12,308,19,0,0,0,0,0.62,0,18.65,96.24,2,0,9.96,32,
"Yehezkel",,"Entire Session",10:56:32,12:40:05,10:50:14,12:46:09,01:43:32,5867,311,90,0,0.87,116,0.48,0.46,24.33,56.66,50,48,5.17,535,
"Yehezkel",,"Warm-up, Mobility",11:12:19,11:31:25,10:50:14,12:46:09,00:19:06,861,1,0,0,0,0,0.16,0,14.78,45.07,3,0,1.34,26,
"Yehezkel",,"Rondo 6vs2 (6*6m)",11:31:57,11:40:00,10:50:14,12:46:09,00:08:03,256,0,0,0,0,0,0.25,0,11.93,31.82,2,0,0.7,6,
"Yehezkel",,"Possession Game 6vs3+3, 6 Mini Goas (2 Squares, 8*12m, 7m), Set 1",11:45:01,11:46:03,10:50:14,12:46:09,00:01:02,56,8,9,0,8.34,0,0.97,0,21.74,54.35,1,0,11.86,12,
"Yehezkel",,"Possession Game 6vs3+3, 6 Mini Goas (2 Squares, 8*12m, 7m), Set 2",11:46:33,11:47:33,10:50:14,12:46:09,00:00:59,104,14,6,0,5.98,8,3.01,3.01,22.84,104.39,3,3,21.5,21,
"Yehezkel",,"Possession Game 6vs3+3, 6 Mini Goas (2 Squares, 8*12m, 7m), Set 3",11:48:05,11:49:09,10:50:14,12:46:09,00:01:04,67,6,0,0,0,0,1.87,0.93,17.54,62.44,2,1,8.6,9,
"Yehezkel",,"Possession Game 6vs3+3, 6 Mini Goas (2 Squares, 8*12m, 7m), Set 4",11:50:08,11:51:08,10:50:14,12:46:09,00:01:00,75,14,0,0,0,0,2,0,17.63,74.46,2,0,9.12,9,
"Yehezkel",,"Possession Game 6vs3+3, 6 Mini Goas (2 Squares, 8*12m, 7m), Set 5",11:51:39,11:52:41,10:50:14,12:46:09,00:01:01,100,27,0,0,0,0,2.92,1.94,19.62,97.38,3,2,25.94,27,
"Yehezkel",,"Possession Game 6vs3+3, 6 Mini Goas (2 Squares, 8*12m, 7m), Set 6",11:53:11,11:54:14,10:50:14,12:46:09,00:01:02,108,14,25,0,23.63,12,1.92,1.92,24.33,104.13,2,2,33.03,34,
"Yehezkel",,"Possession Game 6vs3+3, 6 Mini Goas (2 Squares, 8*12m, 7m), Set 7",11:55:42,11:56:45,10:50:14,12:46:09,00:01:02,116,26,0,0,0,0,2.88,2.88,19.56,111.48,3,3,26.82,28,
"Yehezkel",,"Possession Game 6vs3+3, 6 Mini Goas (2 Squares, 8*12m, 7m), Set 8",11:57:16,11:58:15,10:50:14,12:46:09,00:00:59,62,0,0,0,0,0,0,3.01,12.81,62.19,0,3,6.48,6,
"Yehezkel",,"Possession Game 6vs3+3, 6 Mini Goas (2 Squares, 8*12m, 7m), Set 9",11:58:46,11:59:46,10:50:14,12:46:09,00:01:00,111,15,0,0,0,0,2.96,1.97,17.21,109.31,3,2,24.14,24,
"Yehezkel",,"LSG 11vs11 (68*65m) Set 1",12:04:25,12:07:39,10:50:14,12:46:09,00:03:14,408,30,0,0,0,0,1.54,0.93,18.75,126.01,5,3,17.77,58,
"Yehezkel",,"LSG 11vs11 (68*65m) Set 2",12:08:32,12:11:41,10:50:14,12:46:09,00:03:08,342,26,32,0,10.21,33,0.32,0.95,24.12,108.62,1,3,22.51,71,
"Yehezkel",,"LSG 11vs11 (68*65m) Set 3",12:12:43,12:15:58,10:50:14,12:46:09,00:03:14,359,35,9,0,2.93,13,0.62,0.62,23.62,110.89,2,2,12.77,41,
"Yehezkel",,"LSG 11vs11 (68*65m) Set 4",12:16:52,12:19:58,10:50:14,12:46:09,00:03:06,301,2,0,0,0,0,0.32,0.97,15.3,96.91,1,3,8.91,28,
"Yehezkel",,"LSG 11vs11 (68*65m) Set 5",12:20:53,12:24:05,10:50:14,12:46:09,00:03:12,381,76,9,0,2.91,27,0.94,0.62,22.2,119.17,3,2,21.04,67,
"Shadi",,"Entire Session",10:58:16,12:35:35,10:50:14,12:46:09,01:37:18,3239,145,4,0,0.04,5,0.42,0.39,20.48,33.29,41,38,2.74,267,
"Shadi",,"Warm-up, Mobility",11:12:19,11:31:25,10:50:14,12:46:09,00:19:06,899,24,0,0,0,0,0.47,0.37,18.12,47.07,9,7,3.25,62,
"Shadi",,"Rondo 6vs2 (6*6m)",11:31:57,11:40:00,10:50:14,12:46:09,00:08:03,257,0,0,0,0,0,0.5,0.5,12.29,31.89,4,4,1.57,13,
"Shadi",,"Possession Game 6vs3+3, 6 Mini Goas (2 Squares, 8*12m, 7m), Set 1",11:45:01,11:46:03,10:50:14,12:46:09,00:01:02,128,42,2,0,2.17,0,3.86,3.86,20.42,123.39,4,4,42.44,44,
"Shadi",,"Possession Game 6vs3+3, 6 Mini Goas (2 Squares, 8*12m, 7m), Set 2",11:46:33,11:47:33,10:50:14,12:46:09,00:00:59,118,14,0,0,0,0,4.01,4.01,16.29,118.37,4,4,27.02,27,
"Shadi",,"Possession Game 6vs3+3, 6 Mini Goas (2 Squares, 8*12m, 7m), Set 3",11:48:05,11:49:09,10:50:14,12:46:09,00:01:04,78,15,0,0,0,0,0.93,0,18.78,72.99,1,0,16.62,18,
"Shadi",,"Possession Game 6vs3+3, 6 Mini Goas (2 Squares, 8*12m, 7m), Set 4",11:50:08,11:51:08,10:50:14,12:46:09,00:01:00,82,18,0,0,0,0,3,4.99,17.82,81.7,3,5,26.89,27,
"Shadi",,"Possession Game 6vs3+3, 6 Mini Goas (2 Squares, 8*12m, 7m), Set 5",11:51:39,11:52:41,10:50:14,12:46:09,00:01:01,84,12,2,0,1.63,5,1.94,1.94,20.48,81.43,2,2,17.95,18,
"Shadi",,"Possession Game 6vs3+3, 6 Mini Goas (2 Squares, 8*12m, 7m), Set 6",11:53:11,11:54:14,10:50:14,12:46:09,00:01:02,89,11,0,0,0,0,1.92,1.92,18.18,85.27,2,2,18.21,19,
"Shadi",,"Possession Game 6vs3+3, 6 Mini Goas (2 Squares, 8*12m, 7m), Set 7",11:55:42,11:56:45,10:50:14,12:46:09,00:01:02,26,0,0,0,0,0,0,0.96,10.56,25.19,0,1,0,0,
"Shadi",,"Possession Game 6vs3+3, 6 Mini Goas (2 Squares, 8*12m, 7m), Set 8",11:57:16,11:58:15,10:50:14,12:46:09,00:00:59,91,10,0,0,0,0,2.01,4.01,17.17,90.88,2,4,26.81,27,
"Shadi",,"Possession Game 6vs3+3, 6 Mini Goas (2 Squares, 8*12m, 7m), Set 9",11:58:46,11:59:46,10:50:14,12:46:09,00:01:00,29,0,0,0,0,0,0,0,11.87,28.86,0,0,2.06,2,
